product,feature_id,category,feature_dir,doc_name,has_task_example,has_operation_steps,has_operation_flow,doc_path
UDG,,支持专用DNN_APN园区终端互访控制,,激活支持专用DNN_APN园区终端互访控制_13315418,True,True,False,output\UDG_Product_Documentation_CH_20.15.2\特性部署\特性指南\UDG特性指南\支持专用DNN_APN园区终端互访控制\激活支持专用DNN_APN园区终端互访控制_13315418.md
UDG,GWFD-020352,IPv6功能,GWFD-020352 IPv6 SA,激活IPv6 SA_80136513,True,True,False,output\UDG_Product_Documentation_CH_20.15.2\特性部署\特性指南\UDG特性指南\IPv6功能\GWFD-020352 IPv6 SA\激活IPv6 SA_80136513.md
UDG,GWFD-020401,IPv6功能,GWFD-020401 IPv6承载上下文,激活IPv6承载上下文_38276176,True,True,False,output\UDG_Product_Documentation_CH_20.15.2\特性部署\特性指南\UDG特性指南\IPv6功能\GWFD-020401 IPv6承载上下文\激活IPv6承载上下文_38276176.md
UDG,GWFD-020402,IPv6功能,GWFD-020402 N6_Gi_SGi接口IPv6组网,激活N6_Gi_SGi接口IPv6组网_64500399,True,True,False,output\UDG_Product_Documentation_CH_20.15.2\特性部署\特性指南\UDG特性指南\IPv6功能\GWFD-020402 N6_Gi_SGi接口IPv6组网\激活N6_Gi_SGi接口IPv6组网_64500399.md
UDG,GWFD-020403,IPv6功能,GWFD-020403 IPv4v6双栈接入,激活IPv4v6双栈接入_38276180,True,True,False,output\UDG_Product_Documentation_CH_20.15.2\特性部署\特性指南\UDG特性指南\IPv6功能\GWFD-020403 IPv4v6双栈接入\激活IPv4v6双栈接入_38276180.md
UDG,GWFD-020406,IPv6功能,GWFD-020406 IPv6 Prefix Delegation,激活外部网元地址分配的IPv6 Prefix Delegation功能_80269177,True,True,False,output\UDG_Product_Documentation_CH_20.15.2\特性部署\特性指南\UDG特性指南\IPv6功能\GWFD-020406 IPv6 Prefix Delegation\激活外部网元地址分配的IPv6 Prefix Delegation功能_80269177.md
UDG,GWFD-020406,IPv6功能,GWFD-020406 IPv6 Prefix Delegation/激活本地地址池分配的IPv6 Prefix Delegation功能,基于APN_DNN分配地址_80250128,True,True,False,output\UDG_Product_Documentation_CH_20.15.2\特性部署\特性指南\UDG特性指南\IPv6功能\GWFD-020406 IPv6 Prefix Delegation\激活本地地址池分配的IPv6 Prefix Delegation功能\基于APN_DNN分配地址_80250128.md
UDG,GWFD-020406,IPv6功能,GWFD-020406 IPv6 Prefix Delegation/激活本地地址池分配的IPv6 Prefix Delegation功能,基于SMF+APN_DNN分配地址_80250130,True,True,False,output\UDG_Product_Documentation_CH_20.15.2\特性部署\特性指南\UDG特性指南\IPv6功能\GWFD-020406 IPv6 Prefix Delegation\激活本地地址池分配的IPv6 Prefix Delegation功能\基于SMF+APN_DNN分配地址_80250130.md
UDG,GWFD-020406,IPv6功能,GWFD-020406 IPv6 Prefix Delegation/激活本地地址池分配的IPv6 Prefix Delegation功能,基于SMF分配地址_80250129,True,True,False,output\UDG_Product_Documentation_CH_20.15.2\特性部署\特性指南\UDG特性指南\IPv6功能\GWFD-020406 IPv6 Prefix Delegation\激活本地地址池分配的IPv6 Prefix Delegation功能\基于SMF分配地址_80250129.md
UDG,GWFD-020406,IPv6功能,GWFD-020406 IPv6 Prefix Delegation/激活本地地址池分配的IPv6 Prefix Delegation功能,基于位置分配地址_52579205,True,True,False,output\UDG_Product_Documentation_CH_20.15.2\特性部署\特性指南\UDG特性指南\IPv6功能\GWFD-020406 IPv6 Prefix Delegation\激活本地地址池分配的IPv6 Prefix Delegation功能\基于位置分配地址_52579205.md
UDG,IPFD-012000,IP基本特性,IPFD-012000 IP可靠性/IPFD-012001 QoS/特性配置/复杂流分类配置（VNRS_VNFC）,创建VPN组（VNRS_VNFC）_13119482,True,True,False,output\UDG_Product_Documentation_CH_20.15.2\特性部署\特性指南\UDG特性指南\IP基本特性\IPFD-012000 IP可靠性\IPFD-012001 QoS\特性配置\复杂流分类配置（VNRS_VNFC）\创建VPN组（VNRS_VNFC）_13119482.md
UDG,IPFD-012000,IP基本特性,IPFD-012000 IP可靠性/IPFD-012001 QoS/特性配置/复杂流分类配置（VNRS_VNFC）,删除VPN组（VNRS_VNFC）_13119483,True,True,False,output\UDG_Product_Documentation_CH_20.15.2\特性部署\特性指南\UDG特性指南\IP基本特性\IPFD-012000 IP可靠性\IPFD-012001 QoS\特性配置\复杂流分类配置（VNRS_VNFC）\删除VPN组（VNRS_VNFC）_13119483.md
UDG,IPFD-012000,IP基本特性,IPFD-012000 IP可靠性/IPFD-012001 QoS/特性配置/复杂流分类配置（VNRS_VNFC）,去激活QoS复杂流分类功能（VNRS_VNFC）_13119481,True,True,True,output\UDG_Product_Documentation_CH_20.15.2\特性部署\特性指南\UDG特性指南\IP基本特性\IPFD-012000 IP可靠性\IPFD-012001 QoS\特性配置\复杂流分类配置（VNRS_VNFC）\去激活QoS复杂流分类功能（VNRS_VNFC）_13119481.md
UDG,IPFD-012000,IP基本特性,IPFD-012000 IP可靠性/IPFD-012001 QoS/特性配置/复杂流分类配置（VNRS_VNFC）,激活QoS复杂流分类功能（VNRS_VNFC）_13119479,True,True,True,output\UDG_Product_Documentation_CH_20.15.2\特性部署\特性指南\UDG特性指南\IP基本特性\IPFD-012000 IP可靠性\IPFD-012001 QoS\特性配置\复杂流分类配置（VNRS_VNFC）\激活QoS复杂流分类功能（VNRS_VNFC）_13119479.md
UDG,IPFD-012000,IP基本特性,IPFD-012000 IP可靠性/IPFD-012001 QoS/特性配置/复杂流分类配置（VNRS_VNFC）,调测QoS复杂流分类功能（VNRS_VNFC）_13119480,True,True,True,output\UDG_Product_Documentation_CH_20.15.2\特性部署\特性指南\UDG特性指南\IP基本特性\IPFD-012000 IP可靠性\IPFD-012001 QoS\特性配置\复杂流分类配置（VNRS_VNFC）\调测QoS复杂流分类功能（VNRS_VNFC）_13119480.md
UDG,IPFD-012000,IP基本特性,IPFD-012000 IP可靠性/IPFD-012001 QoS/特性配置/简单流分类配置（VNRS_VNFC）,去激活DSCP到VLAN优先级的映射（VNRS_VNFC）_13119477,True,True,False,output\UDG_Product_Documentation_CH_20.15.2\特性部署\特性指南\UDG特性指南\IP基本特性\IPFD-012000 IP可靠性\IPFD-012001 QoS\特性配置\简单流分类配置（VNRS_VNFC）\去激活DSCP到VLAN优先级的映射（VNRS_VNFC）_13119477.md
UDG,IPFD-012000,IP基本特性,IPFD-012000 IP可靠性/IPFD-012001 QoS/特性配置/简单流分类配置（VNRS_VNFC）,去激活QoS简单流分类（VNRS_VNFC）_13119474,True,True,True,output\UDG_Product_Documentation_CH_20.15.2\特性部署\特性指南\UDG特性指南\IP基本特性\IPFD-012000 IP可靠性\IPFD-012001 QoS\特性配置\简单流分类配置（VNRS_VNFC）\去激活QoS简单流分类（VNRS_VNFC）_13119474.md
UDG,IPFD-012000,IP基本特性,IPFD-012000 IP可靠性/IPFD-012001 QoS/特性配置/简单流分类配置（VNRS_VNFC）,激活DSCP到VLAN优先级的映射（VNRS_VNFC）_13119475,True,True,False,output\UDG_Product_Documentation_CH_20.15.2\特性部署\特性指南\UDG特性指南\IP基本特性\IPFD-012000 IP可靠性\IPFD-012001 QoS\特性配置\简单流分类配置（VNRS_VNFC）\激活DSCP到VLAN优先级的映射（VNRS_VNFC）_13119475.md
UDG,IPFD-012000,IP基本特性,IPFD-012000 IP可靠性/IPFD-012001 QoS/特性配置/简单流分类配置（VNRS_VNFC）,激活QoS简单流分类特性（VNRS_VNFC）_13119472,True,True,True,output\UDG_Product_Documentation_CH_20.15.2\特性部署\特性指南\UDG特性指南\IP基本特性\IPFD-012000 IP可靠性\IPFD-012001 QoS\特性配置\简单流分类配置（VNRS_VNFC）\激活QoS简单流分类特性（VNRS_VNFC）_13119472.md
UDG,IPFD-012000,IP基本特性,IPFD-012000 IP可靠性/IPFD-012002 ACL/特性配置,去激活支持ACL6_06381765,True,True,True,output\UDG_Product_Documentation_CH_20.15.2\特性部署\特性指南\UDG特性指南\IP基本特性\IPFD-012000 IP可靠性\IPFD-012002 ACL\特性配置\去激活支持ACL6_06381765.md
UDG,IPFD-012000,IP基本特性,IPFD-012000 IP可靠性/IPFD-012002 ACL/特性配置,去激活支持ACL_06381762,True,True,False,output\UDG_Product_Documentation_CH_20.15.2\特性部署\特性指南\UDG特性指南\IP基本特性\IPFD-012000 IP可靠性\IPFD-012002 ACL\特性配置\去激活支持ACL_06381762.md
UDG,IPFD-012000,IP基本特性,IPFD-012000 IP可靠性/IPFD-012002 ACL/特性配置,激活支持ACL6_06381763,True,True,True,output\UDG_Product_Documentation_CH_20.15.2\特性部署\特性指南\UDG特性指南\IP基本特性\IPFD-012000 IP可靠性\IPFD-012002 ACL\特性配置\激活支持ACL6_06381763.md
UDG,IPFD-012000,IP基本特性,IPFD-012000 IP可靠性/IPFD-012002 ACL/特性配置,激活支持ACL_06381760,True,True,False,output\UDG_Product_Documentation_CH_20.15.2\特性部署\特性指南\UDG特性指南\IP基本特性\IPFD-012000 IP可靠性\IPFD-012002 ACL\特性配置\激活支持ACL_06381760.md
UDG,IPFD-012000,IP基本特性,IPFD-012000 IP可靠性/IPFD-012002 ACL/特性配置,调测ACL6_06381764,True,True,True,output\UDG_Product_Documentation_CH_20.15.2\特性部署\特性指南\UDG特性指南\IP基本特性\IPFD-012000 IP可靠性\IPFD-012002 ACL\特性配置\调测ACL6_06381764.md
UDG,IPFD-015000,IP基本特性,IPFD-015000 VPN功能/IPFD-015002 GRE/特性配置,去激活支持GRE_06422612,True,True,False,output\UDG_Product_Documentation_CH_20.15.2\特性部署\特性指南\UDG特性指南\IP基本特性\IPFD-015000 VPN功能\IPFD-015002 GRE\特性配置\去激活支持GRE_06422612.md
UDG,IPFD-015000,IP基本特性,IPFD-015000 VPN功能/IPFD-015002 GRE/特性配置,激活支持GRE_06422610,True,True,False,output\UDG_Product_Documentation_CH_20.15.2\特性部署\特性指南\UDG特性指南\IP基本特性\IPFD-015000 VPN功能\IPFD-015002 GRE\特性配置\激活支持GRE_06422610.md
UDG,IPFD-015004,IP基本特性,IPFD-015004 IPSec功能/特性配置,上传IPsec证书_01_10001,True,True,False,output\UDG_Product_Documentation_CH_20.15.2\特性部署\特性指南\UDG特性指南\IP基本特性\IPFD-015004 IPSec功能\特性配置\上传IPsec证书_01_10001.md
UDG,IPFD-015004,IP基本特性,IPFD-015004 IPSec功能/特性配置,上传国密IPsec证书_53966806,True,True,False,output\UDG_Product_Documentation_CH_20.15.2\特性部署\特性指南\UDG特性指南\IP基本特性\IPFD-015004 IPSec功能\特性配置\上传国密IPsec证书_53966806.md
UDG,IPFD-015004,IP基本特性,IPFD-015004 IPSec功能/特性配置,激活IPsec功能（GRE over IPsec）_01_10006,True,True,True,output\UDG_Product_Documentation_CH_20.15.2\特性部署\特性指南\UDG特性指南\IP基本特性\IPFD-015004 IPSec功能\特性配置\激活IPsec功能（GRE over IPsec）_01_10006.md
UDG,IPFD-015004,IP基本特性,IPFD-015004 IPSec功能/特性配置,激活IPsec功能（IPv4 IPsec主备隧道）_01_10004,True,True,True,output\UDG_Product_Documentation_CH_20.15.2\特性部署\特性指南\UDG特性指南\IP基本特性\IPFD-015004 IPSec功能\特性配置\激活IPsec功能（IPv4 IPsec主备隧道）_01_10004.md
UDG,IPFD-015004,IP基本特性,IPFD-015004 IPSec功能/特性配置,激活IPsec功能（IPv6 IPsec隧道主备方式）_01_10005,True,True,True,output\UDG_Product_Documentation_CH_20.15.2\特性部署\特性指南\UDG特性指南\IP基本特性\IPFD-015004 IPSec功能\特性配置\激活IPsec功能（IPv6 IPsec隧道主备方式）_01_10005.md
UDG,IPFD-015004,IP基本特性,IPFD-015004 IPSec功能/特性配置,激活IPsec功能（OSPF over IPsec）_01_10007,True,True,True,output\UDG_Product_Documentation_CH_20.15.2\特性部署\特性指南\UDG特性指南\IP基本特性\IPFD-015004 IPSec功能\特性配置\激活IPsec功能（OSPF over IPsec）_01_10007.md
UDG,IPFD-015004,IP基本特性,IPFD-015004 IPSec功能/特性配置,激活IPsec功能（多Sequence的IPsec策略）_01_10008,True,True,True,output\UDG_Product_Documentation_CH_20.15.2\特性部署\特性指南\UDG特性指南\IP基本特性\IPFD-015004 IPSec功能\特性配置\激活IPsec功能（多Sequence的IPsec策略）_01_10008.md
UDG,IPFD-015004,IP基本特性,IPFD-015004 IPSec功能/特性配置,激活IPsec功能（指定本端接口建立IPsec隧道）_01_10009,True,True,True,output\UDG_Product_Documentation_CH_20.15.2\特性部署\特性指南\UDG特性指南\IP基本特性\IPFD-015004 IPSec功能\特性配置\激活IPsec功能（指定本端接口建立IPsec隧道）_01_10009.md
UDG,IPFD-015004,IP基本特性,IPFD-015004 IPSec功能/特性配置,激活IPsec功能（普通IPv4 IPsec隧道）_01_10002,True,True,True,output\UDG_Product_Documentation_CH_20.15.2\特性部署\特性指南\UDG特性指南\IP基本特性\IPFD-015004 IPSec功能\特性配置\激活IPsec功能（普通IPv4 IPsec隧道）_01_10002.md
UDG,IPFD-015004,IP基本特性,IPFD-015004 IPSec功能/特性配置,激活IPsec功能（普通IPv6 IPsec隧道）_01_10003,True,True,True,output\UDG_Product_Documentation_CH_20.15.2\特性部署\特性指南\UDG特性指南\IP基本特性\IPFD-015004 IPSec功能\特性配置\激活IPsec功能（普通IPv6 IPsec隧道）_01_10003.md
UDG,IPFD-015004,IP基本特性,IPFD-015004 IPSec功能/特性配置,激活国密IPsec支持IKEv1功能（GRE over IPsec）_53928160,True,True,True,output\UDG_Product_Documentation_CH_20.15.2\特性部署\特性指南\UDG特性指南\IP基本特性\IPFD-015004 IPSec功能\特性配置\激活国密IPsec支持IKEv1功能（GRE over IPsec）_53928160.md
UDG,IPFD-015004,IP基本特性,IPFD-015004 IPSec功能/特性配置,激活国密IPsec支持IKEv1功能（多Sequence的IPsec策略）_03408185,True,True,True,output\UDG_Product_Documentation_CH_20.15.2\特性部署\特性指南\UDG特性指南\IP基本特性\IPFD-015004 IPSec功能\特性配置\激活国密IPsec支持IKEv1功能（多Sequence的IPsec策略）_03408185.md
UDG,IPFD-015004,IP基本特性,IPFD-015004 IPSec功能/特性配置,激活国密IPsec支持IKEv1功能（指定本端接口建立IPsec隧道）_03567841,True,True,True,output\UDG_Product_Documentation_CH_20.15.2\特性部署\特性指南\UDG特性指南\IP基本特性\IPFD-015004 IPSec功能\特性配置\激活国密IPsec支持IKEv1功能（指定本端接口建立IPsec隧道）_03567841.md
UDG,IPFD-015004,IP基本特性,IPFD-015004 IPSec功能/特性配置,激活国密IPsec支持IKEv1功能（普通IPv4 IPsec隧道）_03728909,True,True,True,output\UDG_Product_Documentation_CH_20.15.2\特性部署\特性指南\UDG特性指南\IP基本特性\IPFD-015004 IPSec功能\特性配置\激活国密IPsec支持IKEv1功能（普通IPv4 IPsec隧道）_03728909.md
UDG,IPFD-015004,IP基本特性,IPFD-015004 IPSec功能/特性配置,激活国密IPsec支持IKEv1功能（普通IPv6 IPsec隧道）_53768408,True,True,True,output\UDG_Product_Documentation_CH_20.15.2\特性部署\特性指南\UDG特性指南\IP基本特性\IPFD-015004 IPSec功能\特性配置\激活国密IPsec支持IKEv1功能（普通IPv6 IPsec隧道）_53768408.md
UDG,GWFD-010201,QoS功能,GWFD-010201 QoS与流量管理,配置QoS与流量管理_03345155,True,True,False,output\UDG_Product_Documentation_CH_20.15.2\特性部署\特性指南\UDG特性指南\QoS功能\GWFD-010201 QoS与流量管理\配置QoS与流量管理_03345155.md
UDG,GWFD-020101,QoS功能,GWFD-020101 支持Reflective QoS,激活支持Reflective QoS_92462813,True,True,False,output\UDG_Product_Documentation_CH_20.15.2\特性部署\特性指南\UDG特性指南\QoS功能\GWFD-020101 支持Reflective QoS\激活支持Reflective QoS_92462813.md
UDG,GWFD-020381,QoS功能,GWFD-020381 会话类QoS保证,激活会话类QoS保证（PGW-U）_70910228,True,True,False,output\UDG_Product_Documentation_CH_20.15.2\特性部署\特性指南\UDG特性指南\QoS功能\GWFD-020381 会话类QoS保证\激活会话类QoS保证（PGW-U）_70910228.md
UDG,GWFD-110941,QoS功能,GWFD-110941 基于基站粒度的IPSQM,激活基于基站粒度的IPSQM_77772003,True,True,False,output\UDG_Product_Documentation_CH_20.15.2\特性部署\特性指南\UDG特性指南\QoS功能\GWFD-110941 基于基站粒度的IPSQM\激活基于基站粒度的IPSQM_77772003.md
UDG,GWFD-110661,Redcap终端节能管理,GWFD-110661 5G eDRX模式,激活5G eDRX模式_58609938,True,True,False,output\UDG_Product_Documentation_CH_20.15.2\特性部署\特性指南\UDG特性指南\Redcap终端节能管理\GWFD-110661 5G eDRX模式\激活5G eDRX模式_58609938.md
UDG,,Service Fabric特性（虚机）,Service Fabric可靠性/SFFD-010008 通信亚健康自愈,Fabric平面亚健康检测_39758158,True,True,False,output\UDG_Product_Documentation_CH_20.15.2\特性部署\特性指南\UDG特性指南\Service Fabric特性（虚机）\Service Fabric可靠性\SFFD-010008 通信亚健康自愈\Fabric平面亚健康检测_39758158.md
UDG,,Service Fabric特性（虚机）,Service Fabric可靠性/SFFD-010008 通信亚健康自愈,Pod间Base平面亚健康检测_39621508,True,True,False,output\UDG_Product_Documentation_CH_20.15.2\特性部署\特性指南\UDG特性指南\Service Fabric特性（虚机）\Service Fabric可靠性\SFFD-010008 通信亚健康自愈\Pod间Base平面亚健康检测_39621508.md
UDG,,Service Fabric特性（虚机）,Service Fabric可靠性/SFFD-010030 分布式集群防脑裂,激活业务节点故障状态管理增强功能_55826271,True,True,False,output\UDG_Product_Documentation_CH_20.15.2\特性部署\特性指南\UDG特性指南\Service Fabric特性（虚机）\Service Fabric可靠性\SFFD-010030 分布式集群防脑裂\激活业务节点故障状态管理增强功能_55826271.md
UDG,GWFD-020305,业务感知功能,GWFD-020305 终端异常下行流量检测,激活终端异常下行流量检测_02455576,True,True,False,output\UDG_Product_Documentation_CH_20.15.2\特性部署\特性指南\UDG特性指南\业务感知功能\GWFD-020305 终端异常下行流量检测\激活终端异常下行流量检测_02455576.md
UDG,GWFD-110201,业务感知功能,GWFD-110201 HTTP2.0 Host识别,激活HTTP2.0 Host识别_24082592,True,True,False,output\UDG_Product_Documentation_CH_20.15.2\特性部署\特性指南\UDG特性指南\业务感知功能\GWFD-110201 HTTP2.0 Host识别\激活HTTP2.0 Host识别_24082592.md
UDG,GWFD-110202,业务感知功能,GWFD-110202 HTTP2.0协议回落,激活HTTP2.0协议回落_65157762,True,True,False,output\UDG_Product_Documentation_CH_20.15.2\特性部署\特性指南\UDG特性指南\业务感知功能\GWFD-110202 HTTP2.0协议回落\激活HTTP2.0协议回落_65157762.md
UDG,GWFD-110203,业务感知功能,GWFD-110203 HTTPS业务地址识别,配置HTTPS业务地址识别_24082599,True,True,False,output\UDG_Product_Documentation_CH_20.15.2\特性部署\特性指南\UDG特性指南\业务感知功能\GWFD-110203 HTTPS业务地址识别\配置HTTPS业务地址识别_24082599.md
UDG,GWFD-110251,业务感知功能,GWFD-110251 HTTP3.0 Host识别,激活HTTP3.0 Host识别_56786521,True,True,False,output\UDG_Product_Documentation_CH_20.15.2\特性部署\特性指南\UDG特性指南\业务感知功能\GWFD-110251 HTTP3.0 Host识别\激活HTTP3.0 Host识别_56786521.md
UDG,GWFD-110252,业务感知功能,GWFD-110252 HTTP3.0 Host分析,激活HTTP3.0 Host分析_07698710,True,True,False,output\UDG_Product_Documentation_CH_20.15.2\特性部署\特性指南\UDG特性指南\业务感知功能\GWFD-110252 HTTP3.0 Host分析\激活HTTP3.0 Host分析_07698710.md
UDG,GWFD-110321,业务感知功能,GWFD-110321 支持内置百万级业务规则库,激活支持OTT业务规则库功能_05455409,True,True,False,output\UDG_Product_Documentation_CH_20.15.2\特性部署\特性指南\UDG特性指南\业务感知功能\GWFD-110321 支持内置百万级业务规则库\激活支持OTT业务规则库功能_05455409.md
UDG,GWFD-110471,业务感知功能,GWFD-110471 URL过滤基本功能/激活URL过滤基本功能,配置URL过滤_47348205,True,True,False,output\UDG_Product_Documentation_CH_20.15.2\特性部署\特性指南\UDG特性指南\业务感知功能\GWFD-110471 URL过滤基本功能\激活URL过滤基本功能\配置URL过滤_47348205.md
UDG,GWFD-110471,业务感知功能,GWFD-110471 URL过滤基本功能/激活URL过滤基本功能,配置到ICAP Server的互通数据_75400117,True,True,False,output\UDG_Product_Documentation_CH_20.15.2\特性部署\特性指南\UDG特性指南\业务感知功能\GWFD-110471 URL过滤基本功能\激活URL过滤基本功能\配置到ICAP Server的互通数据_75400117.md
UDG,GWFD-020154,分布式网络功能,GWFD-020154 用户面负载信息上报,激活用户面负载信息上报_88713326,True,True,False,output\UDG_Product_Documentation_CH_20.15.2\特性部署\特性指南\UDG特性指南\分布式网络功能\GWFD-020154 用户面负载信息上报\激活用户面负载信息上报_88713326.md
UDG,GWFD-020161,分布式网络功能,GWFD-020161 CU Full Mesh组网/SMF&UPF容灾方案/新建部署/激活CU Full Mesh组网（适用于SMF）,激活CU Full Mesh组网（SMF）_05448882,True,True,False,output\UDG_Product_Documentation_CH_20.15.2\特性部署\特性指南\UDG特性指南\分布式网络功能\GWFD-020161 CU Full Mesh组网\SMF&UPF容灾方案\新建部署\激活CU Full Mesh组网（适用于SMF）\激活CU Full Mesh组网（SMF）_05448882.md
UDG,GWFD-020161,分布式网络功能,GWFD-020161 CU Full Mesh组网/SMF&UPF容灾方案/新建部署/激活CU Full Mesh组网（适用于UPF）,激活CU Full Mesh组网（UPF）_51809001,True,True,False,output\UDG_Product_Documentation_CH_20.15.2\特性部署\特性指南\UDG特性指南\分布式网络功能\GWFD-020161 CU Full Mesh组网\SMF&UPF容灾方案\新建部署\激活CU Full Mesh组网（适用于UPF）\激活CU Full Mesh组网（UPF）_51809001.md
UDG,GWFD-010251,可靠性功能,GWFD-010251 系统过载控制,配置系统过载特性_05341700,True,True,False,output\UDG_Product_Documentation_CH_20.15.2\特性部署\特性指南\UDG特性指南\可靠性功能\GWFD-010251 系统过载控制\配置系统过载特性_05341700.md
UDG,GWFD-020162,可靠性功能,GWFD-020162 用户面会话过载控制,配置用户面会话过载控制_43675114,True,True,False,output\UDG_Product_Documentation_CH_20.15.2\特性部署\特性指南\UDG特性指南\可靠性功能\GWFD-020162 用户面会话过载控制\配置用户面会话过载控制_43675114.md
UDG,GWFD-010102,基本接入功能,GWFD-010102 路径管理,修改Echo消息的重发数据_24082059,True,True,False,output\UDG_Product_Documentation_CH_20.15.2\特性部署\特性指南\UDG特性指南\基本接入功能\GWFD-010102 路径管理\修改Echo消息的重发数据_24082059.md
UDG,GWFD-010102,基本接入功能,GWFD-010102 路径管理,配置GTP_PFCP路径管理参数_24082055,True,True,False,output\UDG_Product_Documentation_CH_20.15.2\特性部署\特性指南\UDG特性指南\基本接入功能\GWFD-010102 路径管理\配置GTP_PFCP路径管理参数_24082055.md
UDG,GWFD-010102,基本接入功能,GWFD-010102 路径管理,配置GTP路径管理黑白名单_24082056,True,True,False,output\UDG_Product_Documentation_CH_20.15.2\特性部署\特性指南\UDG特性指南\基本接入功能\GWFD-010102 路径管理\配置GTP路径管理黑白名单_24082056.md
UDG,GWFD-010104,基本接入功能,GWFD-010104 地址分配方式,激活地址分配方式_71653959,True,True,False,output\UDG_Product_Documentation_CH_20.15.2\特性部署\特性指南\UDG特性指南\基本接入功能\GWFD-010104 地址分配方式\激活地址分配方式_71653959.md
UDG,GWFD-010107,基本接入功能,GWFD-010107 静态地址用户路由冗余,激活静态地址用户路由冗余_19612403,True,True,True,output\UDG_Product_Documentation_CH_20.15.2\特性部署\特性指南\UDG特性指南\基本接入功能\GWFD-010107 静态地址用户路由冗余\激活静态地址用户路由冗余_19612403.md
UDG,GWFD-010108,基本接入功能,GWFD-010108 用户面地址自动检测,激活用户面地址自动检测_04636908,True,True,False,output\UDG_Product_Documentation_CH_20.15.2\特性部署\特性指南\UDG特性指南\基本接入功能\GWFD-010108 用户面地址自动检测\激活用户面地址自动检测_04636908.md
UDG,GWFD-010151,基本接入功能,GWFD-010151 接入控制,激活接入控制_69675201,True,True,False,output\UDG_Product_Documentation_CH_20.15.2\特性部署\特性指南\UDG特性指南\基本接入功能\GWFD-010151 接入控制\激活接入控制_69675201.md
UDG,GWFD-110910,基本接入功能,GWFD-110910 支持Routing Behind MS,激活支持Routing Behind MS_74264904,True,True,False,output\UDG_Product_Documentation_CH_20.15.2\特性部署\特性指南\UDG特性指南\基本接入功能\GWFD-110910 支持Routing Behind MS\激活支持Routing Behind MS_74264904.md
UDG,GWFD-010105,基本接入功能,GWFD-010105 用户面地址分配/激活用户面地址分配,基于APN_DNN分配地址_72547232,True,True,False,output\UDG_Product_Documentation_CH_20.15.2\特性部署\特性指南\UDG特性指南\基本接入功能\GWFD-010105 用户面地址分配\激活用户面地址分配\基于APN_DNN分配地址_72547232.md
UDG,GWFD-010105,基本接入功能,GWFD-010105 用户面地址分配/激活用户面地址分配,基于RADIUS下发地址池名称分配地址_13796101,True,True,False,output\UDG_Product_Documentation_CH_20.15.2\特性部署\特性指南\UDG特性指南\基本接入功能\GWFD-010105 用户面地址分配\激活用户面地址分配\基于RADIUS下发地址池名称分配地址_13796101.md
UDG,GWFD-010105,基本接入功能,GWFD-010105 用户面地址分配/激活用户面地址分配,基于SMF+APN_DNN分配地址_87787640,True,True,False,output\UDG_Product_Documentation_CH_20.15.2\特性部署\特性指南\UDG特性指南\基本接入功能\GWFD-010105 用户面地址分配\激活用户面地址分配\基于SMF+APN_DNN分配地址_87787640.md
UDG,GWFD-010105,基本接入功能,GWFD-010105 用户面地址分配/激活用户面地址分配,基于SMF分配地址_87605805,True,True,False,output\UDG_Product_Documentation_CH_20.15.2\特性部署\特性指南\UDG特性指南\基本接入功能\GWFD-010105 用户面地址分配\激活用户面地址分配\基于SMF分配地址_87605805.md
UDG,GWFD-010155,基本接入功能,GWFD-010155 Untrusted Non-3GPP网络用户接入/激活Untrusted Non-3GPP网络用户接入功能,配置PGW-U到Untrusted Non-3GPP GW的数据（OSPFv3动态路由+IPv6 BF_4baebda6_72490128,True,True,False,output\UDG_Product_Documentation_CH_20.15.2\特性部署\特性指南\UDG特性指南\基本接入功能\GWFD-010155 Untrusted Non-3GPP网络用户接入\激活Untrusted Non-3GPP网络用户接入功能\配置PGW-U到Untrusted Non-3GPP GW的数据（OSPFv3动态路由+IPv6 BF_4baebda6_72490128.md
UDG,GWFD-010155,基本接入功能,GWFD-010155 Untrusted Non-3GPP网络用户接入/激活Untrusted Non-3GPP网络用户接入功能,配置PGW-U到Untrusted Non-3GPP GW的数据（VPN+OSPF动态路由组网）（虚机容器）_72489252,True,True,False,output\UDG_Product_Documentation_CH_20.15.2\特性部署\特性指南\UDG特性指南\基本接入功能\GWFD-010155 Untrusted Non-3GPP网络用户接入\激活Untrusted Non-3GPP网络用户接入功能\配置PGW-U到Untrusted Non-3GPP GW的数据（VPN+OSPF动态路由组网）（虚机容器）_72489252.md
UDG,GWFD-010155,基本接入功能,GWFD-010155 Untrusted Non-3GPP网络用户接入/激活Untrusted Non-3GPP网络用户接入功能,配置PGW-U到Untrusted Non-3GPP GW的数据（VPN缺省路由组网）_72489253,True,True,False,output\UDG_Product_Documentation_CH_20.15.2\特性部署\特性指南\UDG特性指南\基本接入功能\GWFD-010155 Untrusted Non-3GPP网络用户接入\激活Untrusted Non-3GPP网络用户接入功能\配置PGW-U到Untrusted Non-3GPP GW的数据（VPN缺省路由组网）_72489253.md
UDG,GWFD-010155,基本接入功能,GWFD-010155 Untrusted Non-3GPP网络用户接入/激活Untrusted Non-3GPP网络用户接入功能,配置PGW-U到Untrusted Non-3GPP GW的数据（静态路由+BFD组网）_72489255,True,True,False,output\UDG_Product_Documentation_CH_20.15.2\特性部署\特性指南\UDG特性指南\基本接入功能\GWFD-010155 Untrusted Non-3GPP网络用户接入\激活Untrusted Non-3GPP网络用户接入功能\配置PGW-U到Untrusted Non-3GPP GW的数据（静态路由+BFD组网）_72489255.md
UDG,GWFD-020421,基本接入功能,GWFD-020421 基于位置的地址分配/激活基于位置的地址分配,基于APN_DNN+位置分配地址_02846776,True,True,False,output\UDG_Product_Documentation_CH_20.15.2\特性部署\特性指南\UDG特性指南\基本接入功能\GWFD-020421 基于位置的地址分配\激活基于位置的地址分配\基于APN_DNN+位置分配地址_02846776.md
UDG,GWFD-020421,基本接入功能,GWFD-020421 基于位置的地址分配/激活基于位置的地址分配,基于位置分配地址_02846773,True,True,False,output\UDG_Product_Documentation_CH_20.15.2\特性部署\特性指南\UDG特性指南\基本接入功能\GWFD-020421 基于位置的地址分配\激活基于位置的地址分配\基于位置分配地址_02846773.md
UDG,GWFD-010253,安全管理功能,GWFD-010253 防DDoS功能,激活防DDoS功能_24082259,True,True,False,output\UDG_Product_Documentation_CH_20.15.2\特性部署\特性指南\UDG特性指南\安全管理功能\GWFD-010253 防DDoS功能\激活防DDoS功能_24082259.md
UDG,GWFD-010253,安全管理功能,GWFD-010253 防DDoS功能/调整DDoS Check数据,修改DDoS Check是否使能_24082264,True,True,False,output\UDG_Product_Documentation_CH_20.15.2\特性部署\特性指南\UDG特性指南\安全管理功能\GWFD-010253 防DDoS功能\调整DDoS Check数据\修改DDoS Check是否使能_24082264.md
UDG,GWFD-010253,安全管理功能,GWFD-010253 防DDoS功能/调整DDoS Check数据,修改DDoS流控阈值_24082265,True,True,False,output\UDG_Product_Documentation_CH_20.15.2\特性部署\特性指南\UDG特性指南\安全管理功能\GWFD-010253 防DDoS功能\调整DDoS Check数据\修改DDoS流控阈值_24082265.md
UDG,GWFD-020482,性能优化,GWFD-020482 入不转板功能,激活入不转板功能_28210142,True,True,False,output\UDG_Product_Documentation_CH_20.15.2\特性部署\特性指南\UDG特性指南\性能优化\GWFD-020482 入不转板功能\激活入不转板功能_28210142.md
UDG,GWFD-111201,性能优化,GWFD-111201 网络加速卡流量加速单元,激活网络加速卡流量加速单元_82336245,True,True,False,output\UDG_Product_Documentation_CH_20.15.2\特性部署\特性指南\UDG特性指南\性能优化\GWFD-111201 网络加速卡流量加速单元\激活网络加速卡流量加速单元_82336245.md
UDG,GWFD-111283,报表功能,GWFD-111283 智能板订阅和采集,激活智能板订阅和采集_11107280,True,True,False,output\UDG_Product_Documentation_CH_20.15.2\特性部署\特性指南\UDG特性指南\报表功能\GWFD-111283 智能板订阅和采集\激活智能板订阅和采集_11107280.md
UDG,GWFD-111701,报表功能,GWFD-111701 拥塞小区分析,激活拥塞小区分析_22021173,True,True,False,output\UDG_Product_Documentation_CH_20.15.2\特性部署\特性指南\UDG特性指南\报表功能\GWFD-111701 拥塞小区分析\激活拥塞小区分析_22021173.md
UDG,GWFD-020359,智能策略控制功能,GWFD-020359 IM类业务无线资源管控,激活IM类业务无线资源管控_39436118,True,True,False,output\UDG_Product_Documentation_CH_20.15.2\特性部署\特性指南\UDG特性指南\智能策略控制功能\GWFD-020359 IM类业务无线资源管控\激活IM类业务无线资源管控_39436118.md
UDG,GWFD-110281,智能策略控制功能,GWFD-110281 用户Portal,配置用户Portal_66620114,True,True,False,output\UDG_Product_Documentation_CH_20.15.2\特性部署\特性指南\UDG特性指南\智能策略控制功能\GWFD-110281 用户Portal\配置用户Portal_66620114.md
UDG,GWFD-110282,智能策略控制功能,GWFD-110282 Web Proxy,配置Web Proxy_66987339,True,True,False,output\UDG_Product_Documentation_CH_20.15.2\特性部署\特性指南\UDG特性指南\智能策略控制功能\GWFD-110282 Web Proxy\配置Web Proxy_66987339.md
UDG,GWFD-110283,智能策略控制功能,GWFD-110283 DNS纠错,激活DNS纠错_67964199,True,True,False,output\UDG_Product_Documentation_CH_20.15.2\特性部署\特性指南\UDG特性指南\智能策略控制功能\GWFD-110283 DNS纠错\激活DNS纠错_67964199.md
UDG,GWFD-110284,智能策略控制功能,GWFD-110284 HTTP智能重定向,激活HTTP智能重定向_67075035,True,True,False,output\UDG_Product_Documentation_CH_20.15.2\特性部署\特性指南\UDG特性指南\智能策略控制功能\GWFD-110284 HTTP智能重定向\激活HTTP智能重定向_67075035.md
UDG,GWFD-110301,智能策略控制功能,GWFD-110301 基于终端系统的码率差异化控制,激活基于终端系统的码率差异化控制_69722139,True,True,False,output\UDG_Product_Documentation_CH_20.15.2\特性部署\特性指南\UDG特性指南\智能策略控制功能\GWFD-110301 基于终端系统的码率差异化控制\激活基于终端系统的码率差异化控制_69722139.md
UDG,GWFD-110302,智能策略控制功能,GWFD-110302 基于上下行解耦的视频承载信令控制,激活基于上下行解耦的视频承载信令控制_62146691,True,True,False,output\UDG_Product_Documentation_CH_20.15.2\特性部署\特性指南\UDG特性指南\智能策略控制功能\GWFD-110302 基于上下行解耦的视频承载信令控制\激活基于上下行解耦的视频承载信令控制_62146691.md
UDG,GWFD-110312,智能策略控制功能,GWFD-110312 基于业务累计流量的策略控制,激活基于业务累计流量的策略控制_84034134,True,True,False,output\UDG_Product_Documentation_CH_20.15.2\特性部署\特性指南\UDG特性指南\智能策略控制功能\GWFD-110312 基于业务累计流量的策略控制\激活基于业务累计流量的策略控制_84034134.md
UDG,GWFD-110313,智能策略控制功能,GWFD-110313 基于智能Shaping的组级带宽控制,激活基于智能Shaping的组级带宽控制_76107785,True,True,False,output\UDG_Product_Documentation_CH_20.15.2\特性部署\特性指南\UDG特性指南\智能策略控制功能\GWFD-110313 基于智能Shaping的组级带宽控制\激活基于智能Shaping的组级带宽控制_76107785.md
UDG,GWFD-110331,智能策略控制功能,GWFD-110331 基于业务流标识的无线资源优化,激活基于业务流标识的无线资源优化_51849611,True,True,False,output\UDG_Product_Documentation_CH_20.15.2\特性部署\特性指南\UDG特性指南\智能策略控制功能\GWFD-110331 基于业务流标识的无线资源优化\激活基于业务流标识的无线资源优化_51849611.md
UDG,GWFD-110332,智能策略控制功能,GWFD-110332 基于小区负荷上报的无线资源优化,激活基于小区负荷上报的无线资源优化_30927860,True,True,False,output\UDG_Product_Documentation_CH_20.15.2\特性部署\特性指南\UDG特性指南\智能策略控制功能\GWFD-110332 基于小区负荷上报的无线资源优化\激活基于小区负荷上报的无线资源优化_30927860.md
UDG,GWFD-020351,智能策略控制功能,GWFD-020351 PCC基本功能/激活PCC基本功能,配置动态PCC功能_74096530,True,True,False,output\UDG_Product_Documentation_CH_20.15.2\特性部署\特性指南\UDG特性指南\智能策略控制功能\GWFD-020351 PCC基本功能\激活PCC基本功能\配置动态PCC功能_74096530.md
UDG,GWFD-020351,智能策略控制功能,GWFD-020351 PCC基本功能/激活PCC基本功能,配置本地PCC功能_74096529,True,True,False,output\UDG_Product_Documentation_CH_20.15.2\特性部署\特性指南\UDG特性指南\智能策略控制功能\GWFD-020351 PCC基本功能\激活PCC基本功能\配置本地PCC功能_74096529.md
UDG,GWFD-020354,智能策略控制功能,GWFD-020354 基于业务的Shaping/激活基于业务的Shaping,针对TOS基于用户的流量整形_83195647,True,True,False,output\UDG_Product_Documentation_CH_20.15.2\特性部署\特性指南\UDG特性指南\智能策略控制功能\GWFD-020354 基于业务的Shaping\激活基于业务的Shaping\针对TOS基于用户的流量整形_83195647.md
UDG,GWFD-020354,智能策略控制功能,GWFD-020354 基于业务的Shaping/激活基于业务的Shaping,针对URL应用基于用户的流量整形配置_83195646,True,True,False,output\UDG_Product_Documentation_CH_20.15.2\特性部署\特性指南\UDG特性指南\智能策略控制功能\GWFD-020354 基于业务的Shaping\激活基于业务的Shaping\针对URL应用基于用户的流量整形配置_83195646.md
UDG,GWFD-020358,智能策略控制功能,GWFD-020358 业务触发的QoS保证/激活业务触发的QoS保证,配置七层业务触发的QOS保证（PGW-U、UPF）_80361858,True,True,False,output\UDG_Product_Documentation_CH_20.15.2\特性部署\特性指南\UDG特性指南\智能策略控制功能\GWFD-020358 业务触发的QoS保证\激活业务触发的QoS保证\配置七层业务触发的QOS保证（PGW-U、UPF）_80361858.md
UDG,GWFD-020358,智能策略控制功能,GWFD-020358 业务触发的QoS保证/激活业务触发的QoS保证,配置三四层业务触发的QoS保证（PGW-U、UPF）_80318438,True,True,False,output\UDG_Product_Documentation_CH_20.15.2\特性部署\特性指南\UDG特性指南\智能策略控制功能\GWFD-020358 业务触发的QoS保证\激活业务触发的QoS保证\配置三四层业务触发的QoS保证（PGW-U、UPF）_80318438.md
UDG,GWFD-110281,智能策略控制功能,GWFD-110281 用户Portal/调整用户Portal参数,修改Captive模式时间的间隔_66620143,True,True,False,output\UDG_Product_Documentation_CH_20.15.2\特性部署\特性指南\UDG特性指南\智能策略控制功能\GWFD-110281 用户Portal\调整用户Portal参数\修改Captive模式时间的间隔_66620143.md
UDG,GWFD-110281,智能策略控制功能,GWFD-110281 用户Portal/调整用户Portal参数,修改HTTP重定向响应码_66620118,True,True,False,output\UDG_Product_Documentation_CH_20.15.2\特性部署\特性指南\UDG特性指南\智能策略控制功能\GWFD-110281 用户Portal\调整用户Portal参数\修改HTTP重定向响应码_66620118.md
UDG,GWFD-110281,智能策略控制功能,GWFD-110281 用户Portal/调整用户Portal参数,修改IPFarm的ServerIP_66620120,True,True,False,output\UDG_Product_Documentation_CH_20.15.2\特性部署\特性指南\UDG特性指南\智能策略控制功能\GWFD-110281 用户Portal\调整用户Portal参数\修改IPFarm的ServerIP_66620120.md
UDG,GWFD-110281,智能策略控制功能,GWFD-110281 用户Portal/调整用户Portal参数,修改IPFarm的VIRTUALIP_66620119,True,True,False,output\UDG_Product_Documentation_CH_20.15.2\特性部署\特性指南\UDG特性指南\智能策略控制功能\GWFD-110281 用户Portal\调整用户Portal参数\修改IPFarm的VIRTUALIP_66620119.md
UDG,GWFD-110281,智能策略控制功能,GWFD-110281 用户Portal/调整用户Portal参数,修改IPFarm的心跳检测参数_66620142,True,True,False,output\UDG_Product_Documentation_CH_20.15.2\特性部署\特性指南\UDG特性指南\智能策略控制功能\GWFD-110281 用户Portal\调整用户Portal参数\修改IPFarm的心跳检测参数_66620142.md
UDG,GWFD-110281,智能策略控制功能,GWFD-110281 用户Portal/调整用户Portal参数,修改被IPFarm绑定的心跳检测接口_66620141,True,True,False,output\UDG_Product_Documentation_CH_20.15.2\特性部署\特性指南\UDG特性指南\智能策略控制功能\GWFD-110281 用户Portal\调整用户Portal参数\修改被IPFarm绑定的心跳检测接口_66620141.md
UDG,GWFD-110281,智能策略控制功能,GWFD-110281 用户Portal/调整用户Portal参数,修改重定向Server的负荷分担方式_66620117,True,True,False,output\UDG_Product_Documentation_CH_20.15.2\特性部署\特性指南\UDG特性指南\智能策略控制功能\GWFD-110281 用户Portal\调整用户Portal参数\修改重定向Server的负荷分担方式_66620117.md
UDG,GWFD-110282,智能策略控制功能,GWFD-110282 Web Proxy/调整Web Proxy参数,修改IPFarm的ServerIP_67071966,True,True,False,output\UDG_Product_Documentation_CH_20.15.2\特性部署\特性指南\UDG特性指南\智能策略控制功能\GWFD-110282 Web Proxy\调整Web Proxy参数\修改IPFarm的ServerIP_67071966.md
UDG,GWFD-110282,智能策略控制功能,GWFD-110282 Web Proxy/调整Web Proxy参数,修改IPFarm的VIRTUALIP_67071965,True,True,False,output\UDG_Product_Documentation_CH_20.15.2\特性部署\特性指南\UDG特性指南\智能策略控制功能\GWFD-110282 Web Proxy\调整Web Proxy参数\修改IPFarm的VIRTUALIP_67071965.md
UDG,GWFD-110282,智能策略控制功能,GWFD-110282 Web Proxy/调整Web Proxy参数,修改IPFarm的心跳检测参数_67071968,True,True,False,output\UDG_Product_Documentation_CH_20.15.2\特性部署\特性指南\UDG特性指南\智能策略控制功能\GWFD-110282 Web Proxy\调整Web Proxy参数\修改IPFarm的心跳检测参数_67071968.md
UDG,GWFD-110282,智能策略控制功能,GWFD-110282 Web Proxy/调整Web Proxy参数,修改被IPFarm绑定的心跳检测接口_67071967,True,True,False,output\UDG_Product_Documentation_CH_20.15.2\特性部署\特性指南\UDG特性指南\智能策略控制功能\GWFD-110282 Web Proxy\调整Web Proxy参数\修改被IPFarm绑定的心跳检测接口_67071967.md
UDG,GWFD-110282,智能策略控制功能,GWFD-110282 Web Proxy/调整Web Proxy参数,修改重定向Server的负荷分担方式_67071964,True,True,False,output\UDG_Product_Documentation_CH_20.15.2\特性部署\特性指南\UDG特性指南\智能策略控制功能\GWFD-110282 Web Proxy\调整Web Proxy参数\修改重定向Server的负荷分担方式_67071964.md
UDG,GWFD-110311,智能策略控制功能,GWFD-110311 基于业务感知的带宽控制/激活基于业务感知的带宽控制,基于APN_DNN的用户组级带宽控制_49155915,True,True,False,output\UDG_Product_Documentation_CH_20.15.2\特性部署\特性指南\UDG特性指南\智能策略控制功能\GWFD-110311 基于业务感知的带宽控制\激活基于业务感知的带宽控制\基于APN_DNN的用户组级带宽控制_49155915.md
UDG,GWFD-110311,智能策略控制功能,GWFD-110311 基于业务感知的带宽控制/激活基于业务感知的带宽控制,基于PCC预定义规则的带宽控制_06381676,True,True,False,output\UDG_Product_Documentation_CH_20.15.2\特性部署\特性指南\UDG特性指南\智能策略控制功能\GWFD-110311 基于业务感知的带宽控制\激活基于业务感知的带宽控制\基于PCC预定义规则的带宽控制_06381676.md
UDG,GWFD-110311,智能策略控制功能,GWFD-110311 基于业务感知的带宽控制/激活基于业务感知的带宽控制,基于切片的带宽控制_44919837,True,True,False,output\UDG_Product_Documentation_CH_20.15.2\特性部署\特性指南\UDG特性指南\智能策略控制功能\GWFD-110311 基于业务感知的带宽控制\激活基于业务感知的带宽控制\基于切片的带宽控制_44919837.md
UDG,GWFD-110311,智能策略控制功能,GWFD-110311 基于业务感知的带宽控制/激活基于业务感知的带宽控制,基于时间段的带宽控制_84034122,True,True,False,output\UDG_Product_Documentation_CH_20.15.2\特性部署\特性指南\UDG特性指南\智能策略控制功能\GWFD-110311 基于业务感知的带宽控制\激活基于业务感知的带宽控制\基于时间段的带宽控制_84034122.md
UDG,GWFD-110311,智能策略控制功能,GWFD-110311 基于业务感知的带宽控制/激活基于业务感知的带宽控制,基于用户TOS的带宽控制_84034080,True,True,False,output\UDG_Product_Documentation_CH_20.15.2\特性部署\特性指南\UDG特性指南\智能策略控制功能\GWFD-110311 基于业务感知的带宽控制\激活基于业务感知的带宽控制\基于用户TOS的带宽控制_84034080.md
UDG,GWFD-110311,智能策略控制功能,GWFD-110311 基于业务感知的带宽控制/激活基于业务感知的带宽控制,基于用户_用户组_整机三级的带宽控制_84034124,True,True,False,output\UDG_Product_Documentation_CH_20.15.2\特性部署\特性指南\UDG特性指南\智能策略控制功能\GWFD-110311 基于业务感知的带宽控制\激活基于业务感知的带宽控制\基于用户_用户组_整机三级的带宽控制_84034124.md
UDG,GWFD-110311,智能策略控制功能,GWFD-110311 基于业务感知的带宽控制/激活基于业务感知的带宽控制,基于用户组TOS的带宽控制_84034121,True,True,False,output\UDG_Product_Documentation_CH_20.15.2\特性部署\特性指南\UDG特性指南\智能策略控制功能\GWFD-110311 基于业务感知的带宽控制\激活基于业务感知的带宽控制\基于用户组TOS的带宽控制_84034121.md
UDG,GWFD-110311,智能策略控制功能,GWFD-110311 基于业务感知的带宽控制/激活基于业务感知的带宽控制,基于用户组的分级带宽管理控制_95938110,True,True,False,output\UDG_Product_Documentation_CH_20.15.2\特性部署\特性指南\UDG特性指南\智能策略控制功能\GWFD-110311 基于业务感知的带宽控制\激活基于业务感知的带宽控制\基于用户组的分级带宽管理控制_95938110.md
UDG,GWFD-110311,智能策略控制功能,GWFD-110311 基于业务感知的带宽控制/激活基于业务感知的带宽控制,针对HTTP应用基于用户的带宽控制_84034123,True,True,False,output\UDG_Product_Documentation_CH_20.15.2\特性部署\特性指南\UDG特性指南\智能策略控制功能\GWFD-110311 基于业务感知的带宽控制\激活基于业务感知的带宽控制\针对HTTP应用基于用户的带宽控制_84034123.md
UDG,GWFD-112002,智能转发解决方案,GWFD-112002 5G-A高通量会话,激活5G-A高通量会话_20666173,True,True,False,output\UDG_Product_Documentation_CH_20.15.2\特性部署\特性指南\UDG特性指南\智能转发解决方案\GWFD-112002 5G-A高通量会话\激活5G-A高通量会话_20666173.md
UDG,GWFD-020451,智能运维功能,GWFD-020451 端到端用户跟踪,激活端到端用户跟踪_89016042,True,True,False,output\UDG_Product_Documentation_CH_20.15.2\特性部署\特性指南\UDG特性指南\智能运维功能\GWFD-020451 端到端用户跟踪\激活端到端用户跟踪_89016042.md
UDG,GWFD-110921,智能运维功能,GWFD-110921 支持TWAMP,激活TWAMP（Full模式）_88305315,True,True,False,output\UDG_Product_Documentation_CH_20.15.2\特性部署\特性指南\UDG特性指南\智能运维功能\GWFD-110921 支持TWAMP\激活TWAMP（Full模式）_88305315.md
UDG,GWFD-110921,智能运维功能,GWFD-110921 支持TWAMP,激活TWAMP（Light模式）_42385398,True,True,False,output\UDG_Product_Documentation_CH_20.15.2\特性部署\特性指南\UDG特性指南\智能运维功能\GWFD-110921 支持TWAMP\激活TWAMP（Light模式）_42385398.md
UDG,GWFD-110641,物联网功能,eMTC/GWFD-110641 eMTC eDRX模式,激活eMTC eDRX模式_70722748,True,True,False,output\UDG_Product_Documentation_CH_20.15.2\特性部署\特性指南\UDG特性指南\物联网功能\eMTC\GWFD-110641 eMTC eDRX模式\激活eMTC eDRX模式_70722748.md
UDG,GWFD-110646,物联网功能,eMTC/GWFD-110646 基于APN的eMTC终端接入速率控制,激活基于APN的eMTC终端接入速率控制_70951078,True,True,False,output\UDG_Product_Documentation_CH_20.15.2\特性部署\特性指南\UDG特性指南\物联网功能\eMTC\GWFD-110646 基于APN的eMTC终端接入速率控制\激活基于APN的eMTC终端接入速率控制_70951078.md
UDG,GWFD-110647,物联网功能,eMTC/GWFD-110647 基于服务PLMN的eMTC终端接入速率控制,激活基于服务PLMN的eMTC终端接入速率控制_71013767,True,True,False,output\UDG_Product_Documentation_CH_20.15.2\特性部署\特性指南\UDG特性指南\物联网功能\eMTC\GWFD-110647 基于服务PLMN的eMTC终端接入速率控制\激活基于服务PLMN的eMTC终端接入速率控制_71013767.md
UDG,GWFD-010296,物联网功能,NB-IoT/GWFD-010296 NB-IoT终端标准接入,激活NB-IoT终端标准接入_74275194,True,True,False,output\UDG_Product_Documentation_CH_20.15.2\特性部署\特性指南\UDG特性指南\物联网功能\NB-IoT\GWFD-010296 NB-IoT终端标准接入\激活NB-IoT终端标准接入_74275194.md
UDG,GWFD-110601,物联网功能,NB-IoT/GWFD-110601 NB-IoT eDRX模式,激活NB-IoT eDRX模式_67487577,True,True,False,output\UDG_Product_Documentation_CH_20.15.2\特性部署\特性指南\UDG特性指南\物联网功能\NB-IoT\GWFD-110601 NB-IoT eDRX模式\激活NB-IoT eDRX模式_67487577.md
UDG,GWFD-110606,物联网功能,NB-IoT/GWFD-110606 基于信令面的数据传输,激活基于信令面的数据传输_69258754,True,True,False,output\UDG_Product_Documentation_CH_20.15.2\特性部署\特性指南\UDG特性指南\物联网功能\NB-IoT\GWFD-110606 基于信令面的数据传输\激活基于信令面的数据传输_69258754.md
UDG,GWFD-110607,物联网功能,NB-IoT/GWFD-110607 Non-IP数据传输,激活Non-IP数据传输_69972724,True,True,False,output\UDG_Product_Documentation_CH_20.15.2\特性部署\特性指南\UDG特性指南\物联网功能\NB-IoT\GWFD-110607 Non-IP数据传输\激活Non-IP数据传输_69972724.md
UDG,GWFD-110611,物联网功能,NB-IoT/GWFD-110611 基于APN的NB-IoT终端接入速率控制,激活基于APN的NB-IoT终端接入速率控制_70375132,True,True,False,output\UDG_Product_Documentation_CH_20.15.2\特性部署\特性指南\UDG特性指南\物联网功能\NB-IoT\GWFD-110611 基于APN的NB-IoT终端接入速率控制\激活基于APN的NB-IoT终端接入速率控制_70375132.md
UDG,GWFD-110612,物联网功能,NB-IoT/GWFD-110612 基于服务PLMN的NB-IoT终端接入速率控制,激活基于服务PLMN的NB-IoT终端接入速率控制_70415328,True,True,False,output\UDG_Product_Documentation_CH_20.15.2\特性部署\特性指南\UDG特性指南\物联网功能\NB-IoT\GWFD-110612 基于服务PLMN的NB-IoT终端接入速率控制\激活基于服务PLMN的NB-IoT终端接入速率控制_70415328.md
UDG,GWFD-112001,移动性管理功能,GWFD-112001 Proxy UPF漫游功能/GWFD-112001 Proxy UPF漫游功能/安装部署,业务配置_80953432,True,True,False,output\UDG_Product_Documentation_CH_20.15.2\特性部署\特性指南\UDG特性指南\移动性管理功能\GWFD-112001 Proxy UPF漫游功能\GWFD-112001 Proxy UPF漫游功能\安装部署\业务配置_80953432.md
UDG,GWFD-112001,移动性管理功能,GWFD-112001 Proxy UPF漫游功能/GWFD-112001 Proxy UPF漫游功能/安装部署,镜像SIP信令功能_40507709,True,True,False,output\UDG_Product_Documentation_CH_20.15.2\特性部署\特性指南\UDG特性指南\移动性管理功能\GWFD-112001 Proxy UPF漫游功能\GWFD-112001 Proxy UPF漫游功能\安装部署\镜像SIP信令功能_40507709.md
UDG,GWFD-020422,组网功能,GWFD-020422 Direct Tunnel功能,激活Direct Tunnel功能_29215371,True,True,False,output\UDG_Product_Documentation_CH_20.15.2\特性部署\特性指南\UDG特性指南\组网功能\GWFD-020422 Direct Tunnel功能\激活Direct Tunnel功能_29215371.md
UDG,GWFD-020412,组网功能,GWFD-020412 L2TP VPN/激活L2TP VPN,AAA下发L2TP属性方式激活L2TP VPN_41487855,True,True,False,output\UDG_Product_Documentation_CH_20.15.2\特性部署\特性指南\UDG特性指南\组网功能\GWFD-020412 L2TP VPN\激活L2TP VPN\AAA下发L2TP属性方式激活L2TP VPN_41487855.md
UDG,GWFD-020412,组网功能,GWFD-020412 L2TP VPN/激活L2TP VPN,本地配置方式激活L2TP VPN_40342129,True,True,False,output\UDG_Product_Documentation_CH_20.15.2\特性部署\特性指南\UDG特性指南\组网功能\GWFD-020412 L2TP VPN\激活L2TP VPN\本地配置方式激活L2TP VPN_40342129.md
UDG,NPFD-010000,网管特性,NPFD-010000 操作维护功能/NPFD-010014 支持NTP功能,激活支持NTP功能_40755235,True,True,False,output\UDG_Product_Documentation_CH_20.15.2\特性部署\特性指南\UDG特性指南\网管特性\NPFD-010000 操作维护功能\NPFD-010014 支持NTP功能\激活支持NTP功能_40755235.md
UDG,GWFD-010171,计费功能,GWFD-010171 离线计费,配置Ga接口离线计费_31927856,True,True,False,output\UDG_Product_Documentation_CH_20.15.2\特性部署\特性指南\UDG特性指南\计费功能\GWFD-010171 离线计费\配置Ga接口离线计费_31927856.md
UDG,GWFD-010173,计费功能,GWFD-010173 融合计费,部署UPF_79654301,True,True,True,output\UDG_Product_Documentation_CH_20.15.2\特性部署\特性指南\UDG特性指南\计费功能\GWFD-010173 融合计费\部署UPF_79654301.md
UDG,GWFD-020300,计费功能,GWFD-020300 在线计费,配置Gy接口在线计费_83167737,True,True,False,output\UDG_Product_Documentation_CH_20.15.2\特性部署\特性指南\UDG特性指南\计费功能\GWFD-020300 在线计费\配置Gy接口在线计费_83167737.md
UDG,GWFD-020301,计费功能,GWFD-020301 内容计费基本功能,部署UPF_28493406,True,True,True,output\UDG_Product_Documentation_CH_20.15.2\特性部署\特性指南\UDG特性指南\计费功能\GWFD-020301 内容计费基本功能\部署UPF_28493406.md
UDG,GWFD-020302,计费功能,GWFD-020302 基于业务时长的计费,部署UPF_79813617,True,True,True,output\UDG_Product_Documentation_CH_20.15.2\特性部署\特性指南\UDG特性指南\计费功能\GWFD-020302 基于业务时长的计费\部署UPF_79813617.md
UDG,GWFD-020303,计费功能,GWFD-020303 基于业务流量的计费,部署UPF_28813738,True,True,True,output\UDG_Product_Documentation_CH_20.15.2\特性部署\特性指南\UDG特性指南\计费功能\GWFD-020303 基于业务流量的计费\部署UPF_28813738.md
UDG,GWFD-020304,计费功能,GWFD-020304 关联URL核减,激活关联URL核减_83120117,True,True,False,output\UDG_Product_Documentation_CH_20.15.2\特性部署\特性指南\UDG特性指南\计费功能\GWFD-020304 关联URL核减\激活关联URL核减_83120117.md
UDG,GWFD-020306,计费功能,GWFD-020306 支持事件计费,部署UPF_28654078,True,True,True,output\UDG_Product_Documentation_CH_20.15.2\特性部署\特性指南\UDG特性指南\计费功能\GWFD-020306 支持事件计费\部署UPF_28654078.md
UDG,GWFD-020307,计费功能,GWFD-020307 TCP重传识别,激活TCP重传识别_88299168,True,True,False,output\UDG_Product_Documentation_CH_20.15.2\特性部署\特性指南\UDG特性指南\计费功能\GWFD-020307 TCP重传识别\激活TCP重传识别_88299168.md
UDG,GWFD-020308,计费功能,GWFD-020308 7层流量统计,激活7层流量统计_13442390,True,True,False,output\UDG_Product_Documentation_CH_20.15.2\特性部署\特性指南\UDG特性指南\计费功能\GWFD-020308 7层流量统计\激活7层流量统计_13442390.md
UDG,GWFD-020356,计费功能,GWFD-020356 计费信息实时提醒,激活计费信息实时提醒_64110489,True,True,False,output\UDG_Product_Documentation_CH_20.15.2\特性部署\特性指南\UDG特性指南\计费功能\GWFD-020356 计费信息实时提醒\激活计费信息实时提醒_64110489.md
UDG,GWFD-110404,计费防欺诈功能,GWFD-110404 HTTPS业务行为识别,激活HTTPS业务行为识别特性_56038531,True,True,False,output\UDG_Product_Documentation_CH_20.15.2\特性部署\特性指南\UDG特性指南\计费防欺诈功能\GWFD-110404 HTTPS业务行为识别\激活HTTPS业务行为识别特性_56038531.md
UDG,GWFD-020251,语音功能,GWFD-020251 VoLTE基础语音业务,配置VoLTE基础语音业务_65928706,True,True,False,output\UDG_Product_Documentation_CH_20.15.2\特性部署\特性指南\UDG特性指南\语音功能\GWFD-020251 VoLTE基础语音业务\配置VoLTE基础语音业务_65928706.md
UDG,GWFD-020252,语音功能,GWFD-020252 SRVCC,激活SRVCC_02422960,True,True,False,output\UDG_Product_Documentation_CH_20.15.2\特性部署\特性指南\UDG特性指南\语音功能\GWFD-020252 SRVCC\激活SRVCC_02422960.md
UDG,GWFD-020253,语音功能,GWFD-020253 P-CSCF故障时IMS业务恢复,激活P-CSCF故障时IMS业务恢复_83315488,True,True,False,output\UDG_Product_Documentation_CH_20.15.2\特性部署\特性指南\UDG特性指南\语音功能\GWFD-020253 P-CSCF故障时IMS业务恢复\激活P-CSCF故障时IMS业务恢复_83315488.md
UDG,GWFD-020254,语音功能,GWFD-020254 VoLTE业务快速恢复,配置VoLTE业务快速恢复_98918702,True,True,False,output\UDG_Product_Documentation_CH_20.15.2\特性部署\特性指南\UDG特性指南\语音功能\GWFD-020254 VoLTE业务快速恢复\配置VoLTE业务快速恢复_98918702.md
UDG,GWFD-020281,语音功能,GWFD-020281 VoNR基础语音业务,激活VoNR基础语音业务_16635786,True,True,False,output\UDG_Product_Documentation_CH_20.15.2\特性部署\特性指南\UDG特性指南\语音功能\GWFD-020281 VoNR基础语音业务\激活VoNR基础语音业务_16635786.md
UDG,GWFD-020282,语音功能,GWFD-020282 EPS Fallback,激活EPS Fallback_02422962,True,True,False,output\UDG_Product_Documentation_CH_20.15.2\特性部署\特性指南\UDG特性指南\语音功能\GWFD-020282 EPS Fallback\激活EPS Fallback_02422962.md
UDG,GWFD-112000,语音功能,GWFD-112000 双故障Bypass,激活双故障Bypass_14147877,True,True,False,output\UDG_Product_Documentation_CH_20.15.2\特性部署\特性指南\UDG特性指南\语音功能\GWFD-112000 双故障Bypass\激活双故障Bypass_14147877.md
UDG,GWFD-020531,超级互联功能,GWFD-020531 通用DNN漫游分流,激活通用DNN漫游分流_07687889,True,True,False,output\UDG_Product_Documentation_CH_20.15.2\特性部署\特性指南\UDG特性指南\超级互联功能\GWFD-020531 通用DNN漫游分流\激活通用DNN漫游分流_07687889.md
