ID,物理网元,版本,验证责任人,验证状态（已删除的标记为NA）,节点,节点名称,节点命令,使用命令(子节点),配置(后配),配置依赖参数(前后节点顺序以J列为准),"逻辑依赖参数是否为叶子
（1：叶子， 先配置，0：根）
目标列为（I） 调整配置命令指向根节点, 默认为1 （以此列为准）",是否匹配（操作命令的条件放到该列）,索引检查(依赖命令的条件放到该列),检查错误提示【中文】,检查错误提示【英文】,检查默认参数【中文】,检查默认参数提示【英文】,条件,条件逻辑判断（默认空为等于）,条件取值,"0：弱绑定，1：强绑定，bind[k],set[j]?全部为0，其余为1
set需要联动删除",是否联动删除? 1：是? 0：否（当前默认是0， j列是set为1）,图谱分类（产品检查语法，为空时默认为此场景/业务需求产品不检查，需要标记“业务”）,维护记录,,,,,
268,UDG,20.15.2,xieqiuhong,已验证,FLTBINDFLOWF,FILTERNAME,ADD FLTBINDFLOWF,UDG:ADD_FLTBINDFLOWF,UDG:ADD_FLTBINDFLOWF.FILTERNAME,UDG:ADD_FILTER.FILTERNAME,1,ADD_FLTBINDFLOWF.FILTERNAME != null,ADD_FLTBINDFLOWF.FILTERNAME.equalsIgnoreCase(ADD_FILTER.FILTERNAME),"[FILTERNAME]的值为[{0}],核查不通过,提示:[ADD_FLTBINDFLOWF.FILTERNAME 引用的ADD_FILTER.FILTERNAME不存在，请检查]","[FILTERNAME] value is [{0}],Failed to pass the check,desc:[ADD_FLTBINDFLOWF.FILTERNAME quoting ADD_FILTER.FILTERNAME not exist，Please check]","命令自动生效参数[FILTERNAME]的默认值为[{0}],核查不通过,提示:[ADD_FLTBINDFLOWF.FILTERNAME 引用的ADD_FILTER.FILTERNAME不存在，请检查]","Command auto-execution parameters[FILTERNAME] default value is [{0}],Failed to pass the check,desc:[ADD_FLTBINDFLOWF.FILTERNAME quoting ADD_FILTER.FILTERNAME not exist，Please check]",nan,,nan,1,0,,0830张旦东 NAN对应M列公式化,,,ADD_DNSOVERWRITING.EXTFLTNAME2 != null && SET_SOFTPARA.BITNUM==2503,ADD_DNSOVERWRITING.EXTFLTNAME2,"ADD_DNSOVERWRITING.EXTFLTNAME2 != null && !""2503"".equalsIgnoreCase(SET_SOFTPARA.BITNUM)"
269,UDG,20.15.2,xieqiuhong,已验证,URRGROUP,DOWNURRNAME1,ADD URRGROUP,UDG:ADD_URRGROUP,UDG:ADD_URRGROUP.DOWNURRNAME1,UDG:ADD_URR.URRNAME,1,ADD_URRGROUP.DOWNURRNAME1 != null,ADD_URRGROUP.DOWNURRNAME1.equalsIgnoreCase(ADD_URR.URRNAME),"[DOWNURRNAME1]的值为[{0}],核查不通过,提示:[ADD_URRGROUP.DOWNURRNAME1 引用的ADD_URR.URRNAME不存在，请检查]","[DOWNURRNAME1] value is [{0}],Failed to pass the check,desc:[ADD_URRGROUP.DOWNURRNAME1 quoting ADD_URR.URRNAME not exist，Please check]","命令自动生效参数[DOWNURRNAME1]的默认值为[{0}],核查不通过,提示:[ADD_URRGROUP.DOWNURRNAME1 引用的ADD_URR.URRNAME不存在，请检查]","Command auto-execution parameters[DOWNURRNAME1] default value is [{0}],Failed to pass the check,desc:[ADD_URRGROUP.DOWNURRNAME1 quoting ADD_URR.URRNAME not exist，Please check]",nan,,nan,1,0,,0830张旦东 NAN对应M列公式化,,,ADD_DNSOVERWRITING.EXTFLTNAME1 != null && SET_SOFTPARA.BITNUM==2503,ADD_DNSOVERWRITING.EXTFLTNAME1,"ADD_DNSOVERWRITING.EXTFLTNAME1 != null && !""2503"".equalsIgnoreCase(SET_SOFTPARA.BITNUM)"
272,UDG,20.15.2,xieqiuhong,已验证,URRGROUP,DOWNURRNAME2,ADD URRGROUP,UDG:ADD_URRGROUP,UDG:ADD_URRGROUP.DOWNURRNAME2,UDG:ADD_URR.URRNAME,1,ADD_URRGROUP.DOWNURRNAME2 != null,ADD_URRGROUP.DOWNURRNAME2.equalsIgnoreCase(ADD_URR.URRNAME),"[DOWNURRNAME2]的值为[{0}],核查不通过,提示:[ADD_URRGROUP.DOWNURRNAME2 引用的ADD_URR.URRNAME不存在，请检查]","[DOWNURRNAME2] value is [{0}],Failed to pass the check,desc:[ADD_URRGROUP.DOWNURRNAME2 quoting ADD_URR.URRNAME not exist，Please check]","命令自动生效参数[DOWNURRNAME2]的默认值为[{0}],核查不通过,提示:[ADD_URRGROUP.DOWNURRNAME2 引用的ADD_URR.URRNAME不存在，请检查]","Command auto-execution parameters[DOWNURRNAME2] default value is [{0}],Failed to pass the check,desc:[ADD_URRGROUP.DOWNURRNAME2 quoting ADD_URR.URRNAME not exist，Please check]",nan,,nan,1,0,,0830张旦东 NAN对应M列公式化,,,ADD_DNSOVERWRITING.EXTFLTNAME5 != null && SET_SOFTPARA.BITNUM==2503,ADD_DNSOVERWRITING.EXTFLTNAME5,"ADD_DNSOVERWRITING.EXTFLTNAME5 != null && !""2503"".equalsIgnoreCase(SET_SOFTPARA.BITNUM)"
273,UDG,20.15.2,xieqiuhong,已验证,URRGROUP,DOWNURRNAME3,ADD URRGROUP,UDG:ADD_URRGROUP,UDG:ADD_URRGROUP.DOWNURRNAME3,UDG:ADD_URR.URRNAME,1,ADD_URRGROUP.DOWNURRNAME3 != null,ADD_URRGROUP.DOWNURRNAME3.equalsIgnoreCase(ADD_URR.URRNAME),"[DOWNURRNAME3]的值为[{0}],核查不通过,提示:[ADD_URRGROUP.DOWNURRNAME3 引用的ADD_URR.URRNAME不存在，请检查]","[DOWNURRNAME3] value is [{0}],Failed to pass the check,desc:[ADD_URRGROUP.DOWNURRNAME3 quoting ADD_URR.URRNAME not exist，Please check]","命令自动生效参数[DOWNURRNAME3]的默认值为[{0}],核查不通过,提示:[ADD_URRGROUP.DOWNURRNAME3 引用的ADD_URR.URRNAME不存在，请检查]","Command auto-execution parameters[DOWNURRNAME3] default value is [{0}],Failed to pass the check,desc:[ADD_URRGROUP.DOWNURRNAME3 quoting ADD_URR.URRNAME not exist，Please check]",nan,,nan,1,0,,0830张旦东 NAN对应M列公式化,,,ADD_DNSOVERWRITING.EXTFLTNAME4 != null && SET_SOFTPARA.BITNUM==2503,ADD_DNSOVERWRITING.EXTFLTNAME4,"ADD_DNSOVERWRITING.EXTFLTNAME4 != null && !""2503"".equalsIgnoreCase(SET_SOFTPARA.BITNUM)"
274,UDG,20.15.2,xieqiuhong,已验证,URRGROUP,UPURRNAME1,ADD URRGROUP,UDG:ADD_URRGROUP,UDG:ADD_URRGROUP.UPURRNAME1,UDG:ADD_URR.URRNAME,1,ADD_URRGROUP.UPURRNAME1 != null,ADD_URRGROUP.UPURRNAME1.equalsIgnoreCase(ADD_URR.URRNAME),"[UPURRNAME1]的值为[{0}],核查不通过,提示:[ADD_URRGROUP.UPURRNAME1 引用的ADD_URR.URRNAME不存在，请检查]","[UPURRNAME1] value is [{0}],Failed to pass the check,desc:[ADD_URRGROUP.UPURRNAME1 quoting ADD_URR.URRNAME not exist，Please check]","命令自动生效参数[UPURRNAME1]的默认值为[{0}],核查不通过,提示:[ADD_URRGROUP.UPURRNAME1 引用的ADD_URR.URRNAME不存在，请检查]","Command auto-execution parameters[UPURRNAME1] default value is [{0}],Failed to pass the check,desc:[ADD_URRGROUP.UPURRNAME1 quoting ADD_URR.URRNAME not exist，Please check]",nan,,nan,1,0,,0830张旦东 NAN对应M列公式化,,,ADD_DNSOVERWRITING.EXTFLTNAME3 != null && SET_SOFTPARA.BITNUM==2503,ADD_DNSOVERWRITING.EXTFLTNAME3,"ADD_DNSOVERWRITING.EXTFLTNAME3 != null && !""2503"".equalsIgnoreCase(SET_SOFTPARA.BITNUM)"
275,UDG,20.15.2,xieqiuhong,已验证,URRGROUP,UPURRNAME2,ADD URRGROUP,UDG:ADD_URRGROUP,UDG:ADD_URRGROUP.UPURRNAME2,UDG:ADD_URR.URRNAME,1,ADD_URRGROUP.UPURRNAME2 != null,ADD_URRGROUP.UPURRNAME2.equalsIgnoreCase(ADD_URR.URRNAME),"[UPURRNAME2]的值为[{0}],核查不通过,提示:[ADD_URRGROUP.UPURRNAME2 引用的ADD_URR.URRNAME不存在，请检查]","[UPURRNAME2] value is [{0}],Failed to pass the check,desc:[ADD_URRGROUP.UPURRNAME2 quoting ADD_URR.URRNAME not exist，Please check]","命令自动生效参数[UPURRNAME2]的默认值为[{0}],核查不通过,提示:[ADD_URRGROUP.UPURRNAME2 引用的ADD_URR.URRNAME不存在，请检查]","Command auto-execution parameters[UPURRNAME2] default value is [{0}],Failed to pass the check,desc:[ADD_URRGROUP.UPURRNAME2 quoting ADD_URR.URRNAME not exist，Please check]",nan,,nan,1,0,,0830张旦东 NAN对应M列公式化,,,LCK_SECTION.POOLNAME != null && LCK_SECTION.SECTIONNUM != null,LCK_SECTION.POOLNAME,#CALC!
276,UDG,20.15.2,xieqiuhong,已验证,URRGROUP,UPURRNAME3,ADD URRGROUP,UDG:ADD_URRGROUP,UDG:ADD_URRGROUP.UPURRNAME3,UDG:ADD_URR.URRNAME,1,ADD_URRGROUP.UPURRNAME3 != null,ADD_URRGROUP.UPURRNAME3.equalsIgnoreCase(ADD_URR.URRNAME),"[UPURRNAME3]的值为[{0}],核查不通过,提示:[ADD_URRGROUP.UPURRNAME3 引用的ADD_URR.URRNAME不存在，请检查]","[UPURRNAME3] value is [{0}],Failed to pass the check,desc:[ADD_URRGROUP.UPURRNAME3 quoting ADD_URR.URRNAME not exist，Please check]","命令自动生效参数[UPURRNAME3]的默认值为[{0}],核查不通过,提示:[ADD_URRGROUP.UPURRNAME3 引用的ADD_URR.URRNAME不存在，请检查]","Command auto-execution parameters[UPURRNAME3] default value is [{0}],Failed to pass the check,desc:[ADD_URRGROUP.UPURRNAME3 quoting ADD_URR.URRNAME not exist，Please check]",nan,,nan,1,0,,0830张旦东 NAN对应M列公式化,,,ADD_N26IWKPLCY.NOID != null && (1 <= Integer.valueOf(ADD_N26IWKPLCY.NOID) && Integer.valueOf(ADD_N26IWKPLCY.NOID)<=64),ADD_N26IWKPLCY.NOID,
277,UDG,20.15.2,xieqiuhong,已验证,FILTER,SVRIPLISTNAME,ADD FILTER,UDG:ADD_FILTER,UDG:ADD_FILTER.SVRIPLISTNAME,UDG:ADD_IPLIST.IPLISTNAME,1,"ADD_FILTER.SVRIPLISTNAME != null && ""IPLIST"".equalsIgnoreCase(ADD_FILTER.SVRIPMODE)",ADD_FILTER.SVRIPLISTNAME.equalsIgnoreCase(ADD_IPLIST.IPLISTNAME),"[SVRIPLISTNAME]的值为[{0}],核查不通过,提示:[ADD_FILTER.SVRIPLISTNAME 引用的ADD_IPLIST.IPLISTNAME不存在，请检查]","[SVRIPLISTNAME] value is [{0}],Failed to pass the check,desc:[ADD_FILTER.SVRIPLISTNAME quoting ADD_IPLIST.IPLISTNAME not exist，Please check]","命令自动生效参数[SVRIPLISTNAME]的默认值为[{0}],核查不通过,提示:[ADD_FILTER.SVRIPLISTNAME 引用的ADD_IPLIST.IPLISTNAME不存在，请检查]","Command auto-execution parameters[SVRIPLISTNAME] default value is [{0}],Failed to pass the check,desc:[ADD_FILTER.SVRIPLISTNAME quoting ADD_IPLIST.IPLISTNAME not exist，Please check]",UDG:ADD_FILTER.SVRIPMODE,,IPLIST,1,0,,,,,,,
279,UDG,20.15.2,xieqiuhong,已验证,IPFARMSERVER,APPENDINFONAME,ADD IPFARMSERVER,UDG:ADD_IPFARMSERVER,UDG:ADD_IPFARMSERVER.APPENDINFONAME,UDG:ADD_REDIRAPPENDINFO.APPENDINFONAME,1,ADD_IPFARMSERVER.APPENDINFONAME != null,ADD_IPFARMSERVER.APPENDINFONAME.equalsIgnoreCase(ADD_REDIRAPPENDINFO.APPENDINFONAME),"[APPENDINFONAME]的值为[{0}],核查不通过,提示:[ADD_IPFARMSERVER.APPENDINFONAME 引用的ADD_REDIRAPPENDINFO.APPENDINFONAME不存在，请检查]","[APPENDINFONAME] value is [{0}],Failed to pass the check,desc:[ADD_IPFARMSERVER.APPENDINFONAME quoting ADD_REDIRAPPENDINFO.APPENDINFONAME not exist，Please check]","命令自动生效参数[APPENDINFONAME]的默认值为[{0}],核查不通过,提示:[ADD_IPFARMSERVER.APPENDINFONAME 引用的ADD_REDIRAPPENDINFO.APPENDINFONAME不存在，请检查]","Command auto-execution parameters[APPENDINFONAME] default value is [{0}],Failed to pass the check,desc:[ADD_IPFARMSERVER.APPENDINFONAME quoting ADD_REDIRAPPENDINFO.APPENDINFONAME not exist，Please check]",nan,,nan,1,0,,0830张旦东 NAN对应M列公式化,,,,,
280,UDG,20.15.2,xieqiuhong,已验证,IPFARM,INTERFACENAME,ADD IPFARM,UDG:ADD_IPFARM,UDG:ADD_IPFARM.INTERFACENAME,UDG:ADD_LOGICINF.NAME,1,ADD_IPFARM.INTERFACENAME != null,ADD_IPFARM.INTERFACENAME.equalsIgnoreCase(ADD_LOGICINF.NAME),"[INTERFACENAME]的值为[{0}],核查不通过,提示:[ADD_IPFARM.INTERFACENAME 引用的ADD_LOGICINF.NAME不存在，请检查]","[INTERFACENAME] value is [{0}],Failed to pass the check,desc:[ADD_IPFARM.INTERFACENAME quoting ADD_LOGICINF.NAME not exist，Please check]","命令自动生效参数[INTERFACENAME]的默认值为[{0}],核查不通过,提示:[ADD_IPFARM.INTERFACENAME 引用的ADD_LOGICINF.NAME不存在，请检查]","Command auto-execution parameters[INTERFACENAME] default value is [{0}],Failed to pass the check,desc:[ADD_IPFARM.INTERFACENAME quoting ADD_LOGICINF.NAME not exist，Please check]",nan,,nan,1,0,,0830张旦东 NAN对应M列公式化,,,,,
281,UDG,20.15.2,xieqiuhong,已验证,POOLBINDGROUP,POOLNAME,ADD POOLBINDGROUP,UDG:ADD_POOLBINDGROUP,UDG:ADD_POOLBINDGROUP.POOLNAME,UDG:ADD_POOL.POOLNAME,1,ADD_POOLBINDGROUP.POOLNAME != null,ADD_POOLBINDGROUP.POOLNAME.equalsIgnoreCase(ADD_POOL.POOLNAME),"[POOLNAME]的值为[{0}],核查不通过,提示:[ADD_POOLBINDGROUP.POOLNAME 引用的ADD_POOL.POOLNAME不存在，请检查]","[POOLNAME] value is [{0}],Failed to pass the check,desc:[ADD_POOLBINDGROUP.POOLNAME quoting ADD_POOL.POOLNAME not exist，Please check]","命令自动生效参数[POOLNAME]的默认值为[{0}],核查不通过,提示:[ADD_POOLBINDGROUP.POOLNAME 引用的ADD_POOL.POOLNAME不存在，请检查]","Command auto-execution parameters[POOLNAME] default value is [{0}],Failed to pass the check,desc:[ADD_POOLBINDGROUP.POOLNAME quoting ADD_POOL.POOLNAME not exist，Please check]",nan,,nan,0,1,,0830张旦东 NAN对应M列公式化,,,,,
284,UDG,20.15.2,xieqiuhong,已验证,SECTION,POOLNAME,ADD SECTION,UDG:ADD_SECTION,UDG:ADD_SECTION.POOLNAME,UDG:ADD_POOL.POOLNAME,0,ADD_SECTION.POOLNAME != null,ADD_SECTION.POOLNAME.equalsIgnoreCase(ADD_POOL.POOLNAME),"[POOLNAME]的值为[{0}],核查不通过,提示:[ADD_SECTION.POOLNAME 引用的ADD_POOL.POOLNAME不存在，请检查]","[POOLNAME] value is [{0}],Failed to pass the check,desc:[ADD_SECTION.POOLNAME quoting ADD_POOL.POOLNAME not exist，Please check]","命令自动生效参数[POOLNAME]的默认值为[{0}],核查不通过,提示:[ADD_SECTION.POOLNAME 引用的ADD_POOL.POOLNAME不存在，请检查]","Command auto-execution parameters[POOLNAME] default value is [{0}],Failed to pass the check,desc:[ADD_SECTION.POOLNAME quoting ADD_POOL.POOLNAME not exist，Please check]",nan,,nan,0,1,,0830张旦东 NAN对应M列公式化,,,,,
285,UDG,20.15.2,xieqiuhong,已验证,POOLGRPMAP,APN,ADD POOLGRPMAP,UDG:ADD_POOLGRPMAP,UDG:ADD_POOLGRPMAP.APN,UDG:ADD_APN.APN,0,ADD_POOLGRPMAP.APN != null,ADD_POOLGRPMAP.APN.equalsIgnoreCase(ADD_APN.APN),"[APN]的值为[{0}],核查不通过,提示:[ADD_POOLGRPMAP.APN 引用的ADD_APN.APN不存在，请检查]","[APN] value is [{0}],Failed to pass the check,desc:[ADD_POOLGRPMAP.APN quoting ADD_APN.APN not exist，Please check]","命令自动生效参数[APN]的默认值为[{0}],核查不通过,提示:[ADD_POOLGRPMAP.APN 引用的ADD_APN.APN不存在，请检查]","Command auto-execution parameters[APN] default value is [{0}],Failed to pass the check,desc:[ADD_POOLGRPMAP.APN quoting ADD_APN.APN not exist，Please check]",nan,,nan,1,0,,0830张旦东 NAN对应M列公式化,,,,,
292,UDG,20.15.2,xieqiuhong,已验证,APNBINDBWMUSRG,APN,ADD APNBINDBWMUSRG,UDG:ADD_APNBINDBWMUSRG,UDG:ADD_APNBINDBWMUSRG.APN,UDG:ADD_APN.APN,0,ADD_APNBINDBWMUSRG.APN != null,ADD_APNBINDBWMUSRG.APN.equalsIgnoreCase(ADD_APN.APN),"[APN]的值为[{0}],核查不通过,提示:[ADD_APNBINDBWMUSRG.APN 引用的ADD_APN.APN不存在，请检查]","[APN] value is [{0}],Failed to pass the check,desc:[ADD_APNBINDBWMUSRG.APN quoting ADD_APN.APN not exist，Please check]","命令自动生效参数[APN]的默认值为[{0}],核查不通过,提示:[ADD_APNBINDBWMUSRG.APN 引用的ADD_APN.APN不存在，请检查]","Command auto-execution parameters[APN] default value is [{0}],Failed to pass the check,desc:[ADD_APNBINDBWMUSRG.APN quoting ADD_APN.APN not exist，Please check]",nan,,nan,0,1,,0830张旦东 NAN对应M列公式化,,,,,
294,UDG,20.15.2,xieqiuhong,已验证,APNBINDBWMUSRG,USERGROUPNAME,ADD APNBINDBWMUSRG,UDG:ADD_APNBINDBWMUSRG,UDG:ADD_APNBINDBWMUSRG.USERGROUPNAME,UDG:ADD_BWMUSERGROUP.USERGROUPNAME,1,ADD_APNBINDBWMUSRG.USERGROUPNAME != null,ADD_APNBINDBWMUSRG.USERGROUPNAME.equalsIgnoreCase(ADD_BWMUSERGROUP.USERGROUPNAME),"[USERGROUPNAME]的值为[{0}],核查不通过,提示:[ADD_APNBINDBWMUSRG.USERGROUPNAME 引用的ADD_BWMUSERGROUP.USERGROUPNAME不存在，请检查]","[USERGROUPNAME] value is [{0}],Failed to pass the check,desc:[ADD_APNBINDBWMUSRG.USERGROUPNAME quoting ADD_BWMUSERGROUP.USERGROUPNAME not exist，Please check]","命令自动生效参数[USERGROUPNAME]的默认值为[{0}],核查不通过,提示:[ADD_APNBINDBWMUSRG.USERGROUPNAME 引用的ADD_BWMUSERGROUP.USERGROUPNAME不存在，请检查]","Command auto-execution parameters[USERGROUPNAME] default value is [{0}],Failed to pass the check,desc:[ADD_APNBINDBWMUSRG.USERGROUPNAME quoting ADD_BWMUSERGROUP.USERGROUPNAME not exist，Please check]",nan,,nan,0,1,,0830张旦东 NAN对应M列公式化,,,,,
297,UDG,20.15.2,xieqiuhong,已验证,APNIMSSIGFLTR,APN,ADD APNIMSSIGFLTR,UDG:ADD_APNIMSSIGFLTR,UDG:ADD_APNIMSSIGFLTR.APN,UDG:ADD_APN.APN,0,ADD_APNIMSSIGFLTR.APN != null,ADD_APNIMSSIGFLTR.APN.equalsIgnoreCase(ADD_APN.APN),"[APN]的值为[{0}],核查不通过,提示:[ADD_APNIMSSIGFLTR.APN 引用的ADD_APN.APN不存在，请检查]","[APN] value is [{0}],Failed to pass the check,desc:[ADD_APNIMSSIGFLTR.APN quoting ADD_APN.APN not exist，Please check]","命令自动生效参数[APN]的默认值为[{0}],核查不通过,提示:[ADD_APNIMSSIGFLTR.APN 引用的ADD_APN.APN不存在，请检查]","Command auto-execution parameters[APN] default value is [{0}],Failed to pass the check,desc:[ADD_APNIMSSIGFLTR.APN quoting ADD_APN.APN not exist，Please check]",nan,,nan,1,0,,0830张旦东 NAN对应M列公式化,,,,,
298,UDG,20.15.2,xieqiuhong,已验证,GRETUNNEL,SRCIFNAME,ADD GRETUNNEL,UDG:ADD_GRETUNNEL,UDG:ADD_GRETUNNEL.SRCIFNAME,UDG:ADD_INTERFACE.IFNAME,1,ADD_GRETUNNEL.SRCIFNAME != null,ADD_GRETUNNEL.SRCIFNAME.equalsIgnoreCase(ADD_INTERFACE.IFNAME),"[SRCIFNAME]的值为[{0}],核查不通过,提示:[ADD_GRETUNNEL.SRCIFNAME 引用的ADD_INTERFACE.IFNAME不存在，请检查]","[SRCIFNAME] value is [{0}],Failed to pass the check,desc:[ADD_GRETUNNEL.SRCIFNAME quoting ADD_INTERFACE.IFNAME not exist，Please check]","命令自动生效参数[SRCIFNAME]的默认值为[{0}],核查不通过,提示:[ADD_GRETUNNEL.SRCIFNAME 引用的ADD_INTERFACE.IFNAME不存在，请检查]","Command auto-execution parameters[SRCIFNAME] default value is [{0}],Failed to pass the check,desc:[ADD_GRETUNNEL.SRCIFNAME quoting ADD_INTERFACE.IFNAME not exist，Please check]",nan,,nan,1,0,,0830张旦东 NAN对应M列公式化,,,,,
299,UDG,20.15.2,xieqiuhong,已验证,ETHSUBIF,IFNAME,ADD ETHSUBIF,UDG:ADD_ETHSUBIF,UDG:ADD_ETHSUBIF.IFNAME,UDG:ADD_INTERFACE.IFNAME,0,ADD_ETHSUBIF.IFNAME != null,ADD_ETHSUBIF.IFNAME.equalsIgnoreCase(ADD_INTERFACE.IFNAME),"[IFNAME]的值为[{0}],核查不通过,提示:[ADD_ETHSUBIF.IFNAME 引用的ADD_INTERFACE.IFNAME不存在，请检查]","[IFNAME] value is [{0}],Failed to pass the check,desc:[ADD_ETHSUBIF.IFNAME quoting ADD_INTERFACE.IFNAME not exist，Please check]","命令自动生效参数[IFNAME]的默认值为[{0}],核查不通过,提示:[ADD_ETHSUBIF.IFNAME 引用的ADD_INTERFACE.IFNAME不存在，请检查]","Command auto-execution parameters[IFNAME] default value is [{0}],Failed to pass the check,desc:[ADD_ETHSUBIF.IFNAME quoting ADD_INTERFACE.IFNAME not exist，Please check]",nan,,nan,1,0,,0830张旦东 NAN对应M列公式化,,,,,
300,UDG,20.15.2,xieqiuhong,已验证,IPBINDVPN,IFNAME,ADD IPBINDVPN,UDG:ADD_IPBINDVPN,UDG:ADD_IPBINDVPN.IFNAME,UDG:ADD_INTERFACE.IFNAME,1,ADD_IPBINDVPN.IFNAME != null,ADD_IPBINDVPN.IFNAME.equalsIgnoreCase(ADD_INTERFACE.IFNAME),"[IFNAME]的值为[{0}],核查不通过,提示:[ADD_IPBINDVPN.IFNAME 引用的ADD_INTERFACE.IFNAME不存在，请检查]","[IFNAME] value is [{0}],Failed to pass the check,desc:[ADD_IPBINDVPN.IFNAME quoting ADD_INTERFACE.IFNAME not exist，Please check]","命令自动生效参数[IFNAME]的默认值为[{0}],核查不通过,提示:[ADD_IPBINDVPN.IFNAME 引用的ADD_INTERFACE.IFNAME不存在，请检查]","Command auto-execution parameters[IFNAME] default value is [{0}],Failed to pass the check,desc:[ADD_IPBINDVPN.IFNAME quoting ADD_INTERFACE.IFNAME not exist，Please check]",nan,,nan,0,1,,0830张旦东 NAN对应M列公式化,,,,,
300,UDG,20.15.2,xieqiuhong,已验证,IPBINDVPN,IFNAME,ADD IPBINDVPN,UDG:ADD_IPBINDVPN,UDG:ADD_IPBINDVPN.IFNAME,UDG:ADD_GRETUNNEL.TNLNAME,1,ADD_IPBINDVPN.IFNAME != null,ADD_IPBINDVPN.IFNAME.equalsIgnoreCase(ADD_GRETUNNEL.TNLNAME),"[IFNAME]的值为[{0}],核查不通过,提示:[ADD_IPBINDVPN.IFNAME 引用的ADD_GRETUNNEL.TNLNAME不存在，请检查]","[IFNAME] value is [{0}],Failed to pass the check,desc:[ADD_IPBINDVPN.IFNAME quoting ADD_GRETUNNEL.TNLNAME not exist，Please check]","命令自动生效参数[IFNAME]的默认值为[{0}],核查不通过,提示:[ADD_IPBINDVPN.IFNAME 引用的ADD_GRETUNNEL.TNLNAME不存在，请检查]","Command auto-execution parameters[IFNAME] default value is [{0}],Failed to pass the check,desc:[ADD_IPBINDVPN.IFNAME quoting ADD_GRETUNNEL.TNLNAME not exist，Please check]",nan,,nan,0,1,,0830张旦东 NAN对应M列公式化,,,,,
304,UDG,20.15.2,xieqiuhong,已验证,IFIPV6ENABLE,IFNAME,SET IFIPV6ENABLE,UDG:SET_IFIPV6ENABLE,UDG:SET_IFIPV6ENABLE.IFNAME,UDG:ADD_INTERFACE.IFNAME,0,SET_IFIPV6ENABLE.IFNAME != null,SET_IFIPV6ENABLE.IFNAME.equalsIgnoreCase(ADD_INTERFACE.IFNAME),"[IFNAME]的值为[{0}],核查不通过,提示:[SET_IFIPV6ENABLE.IFNAME 引用的ADD_INTERFACE.IFNAME不存在，请检查]","[IFNAME] value is [{0}],Failed to pass the check,desc:[SET_IFIPV6ENABLE.IFNAME quoting ADD_INTERFACE.IFNAME not exist，Please check]","命令自动生效参数[IFNAME]的默认值为[{0}],核查不通过,提示:[SET_IFIPV6ENABLE.IFNAME 引用的ADD_INTERFACE.IFNAME不存在，请检查]","Command auto-execution parameters[IFNAME] default value is [{0}],Failed to pass the check,desc:[SET_IFIPV6ENABLE.IFNAME quoting ADD_INTERFACE.IFNAME not exist，Please check]",nan,,nan,0,1,,0830张旦东 NAN对应M列公式化,,,,,
305,UDG,20.15.2,xieqiuhong,已验证,BFDSESSION,IFNAME,ADD BFDSESSION,UDG:ADD_BFDSESSION,UDG:ADD_BFDSESSION.IFNAME,UDG:ADD_INTERFACE.IFNAME,1,ADD_BFDSESSION.IFNAME != null,ADD_BFDSESSION.IFNAME.equalsIgnoreCase(ADD_INTERFACE.IFNAME),"[IFNAME]的值为[{0}],核查不通过,提示:[ADD_BFDSESSION.IFNAME 引用的ADD_INTERFACE.IFNAME不存在，请检查]","[IFNAME] value is [{0}],Failed to pass the check,desc:[ADD_BFDSESSION.IFNAME quoting ADD_INTERFACE.IFNAME not exist，Please check]","命令自动生效参数[IFNAME]的默认值为[{0}],核查不通过,提示:[ADD_BFDSESSION.IFNAME 引用的ADD_INTERFACE.IFNAME不存在，请检查]","Command auto-execution parameters[IFNAME] default value is [{0}],Failed to pass the check,desc:[ADD_BFDSESSION.IFNAME quoting ADD_INTERFACE.IFNAME not exist，Please check]",nan,,nan,1,0,,0830张旦东 NAN对应M列公式化,,,,,
313,UDG,20.15.2,xieqiuhong,已验证,SRROUTE,IFNAME,ADD SRROUTE,UDG:ADD_SRROUTE,UDG:ADD_SRROUTE.IFNAME,UDG:ADD_INTERFACE.IFNAME,1,"ADD_SRROUTE.IFNAME != null && !""Invalid0"".equalsIgnoreCase(ADD_SRROUTE.IFNAME)",ADD_SRROUTE.IFNAME.equalsIgnoreCase(ADD_INTERFACE.IFNAME),"[IFNAME]的值为[{0}],核查不通过,提示:[ADD_SRROUTE.IFNAME 引用的ADD_INTERFACE.IFNAME不存在，请检查]","[IFNAME] value is [{0}],Failed to pass the check,desc:[ADD_SRROUTE.IFNAME quoting ADD_INTERFACE.IFNAME not exist，Please check]","命令自动生效参数[IFNAME]的默认值为[{0}],核查不通过,提示:[ADD_SRROUTE.IFNAME 引用的ADD_INTERFACE.IFNAME不存在，请检查]","Command auto-execution parameters[IFNAME] default value is [{0}],Failed to pass the check,desc:[ADD_SRROUTE.IFNAME quoting ADD_INTERFACE.IFNAME not exist，Please check]",UDG:ADD_SRROUTE.IFNAME,不等于,Invalid0,1,0,,,,,,,
313,UDG,20.15.2,xieqiuhong,已验证,SRROUTE,IFNAME,ADD SRROUTE,UDG:ADD_SRROUTE,UDG:ADD_SRROUTE.IFNAME,UDG:ADD_GRETUNNEL.TNLNAME,1,"ADD_SRROUTE.IFNAME != null&& !""Invalid0"".equalsIgnoreCase(ADD_SRROUTE.IFNAME)","ADD_SRROUTE.IFNAME.equalsIgnoreCase(ADD_GRETUNNEL.TNLNAME) && ""gre"".equalsIgnoreCase(ADD_GRETUNNEL.TNLTYPE)","[IFNAME]的值为[{0}],核查不通过,提示:[ADD_SRROUTE.IFNAME 引用的ADD_GRETUNNEL.TNLNAME不存在，请检查]","[IFNAME] value is [{0}],Failed to pass the check,desc:[ADD_SRROUTE.IFNAME quoting ADD_GRETUNNEL.TNLNAME not exist，Please check]","命令自动生效参数[IFNAME]的默认值为[{0}],核查不通过,提示:[ADD_SRROUTE.IFNAME 引用的ADD_GRETUNNEL.TNLNAME不存在，请检查]","Command auto-execution parameters[IFNAME] default value is [{0}],Failed to pass the check,desc:[ADD_SRROUTE.IFNAME quoting ADD_GRETUNNEL.TNLNAME not exist，Please check]",UDG:ADD_GRETUNNEL.TNLTYPE,等于,gre,1,0,,,,,,,
325,UDG,20.15.2,xieqiuhong,已验证,SRROUTE,SESSIONNAME,ADD SRROUTE,UDG:ADD_SRROUTE,UDG:ADD_SRROUTE.SESSIONNAME,UDG:ADD_BFDSESSION.SESSNAME,1,ADD_SRROUTE.SESSIONNAME != null,ADD_SRROUTE.SESSIONNAME.equalsIgnoreCase(ADD_BFDSESSION.SESSNAME),"[SESSIONNAME]的值为[{0}],核查不通过,提示:[ADD_SRROUTE.SESSIONNAME 引用的ADD_BFDSESSION.SESSNAME不存在，请检查]","[SESSIONNAME] value is [{0}],Failed to pass the check,desc:[ADD_SRROUTE.SESSIONNAME quoting ADD_BFDSESSION.SESSNAME not exist，Please check]","命令自动生效参数[SESSIONNAME]的默认值为[{0}],核查不通过,提示:[ADD_SRROUTE.SESSIONNAME 引用的ADD_BFDSESSION.SESSNAME不存在，请检查]","Command auto-execution parameters[SESSIONNAME] default value is [{0}],Failed to pass the check,desc:[ADD_SRROUTE.SESSIONNAME quoting ADD_BFDSESSION.SESSNAME not exist，Please check]",nan,,nan,1,0,,0830张旦东 NAN对应M列公式化,,,,,
330,UDG,20.15.2,xieqiuhong,已验证,IFIPV6ADDRESS,IFNAME,ADD IFIPV6ADDRESS,UDG:ADD_IFIPV6ADDRESS,UDG:ADD_IFIPV6ADDRESS.IFNAME,UDG:ADD_INTERFACE.IFNAME,1,ADD_IFIPV6ADDRESS.IFNAME != null,ADD_IFIPV6ADDRESS.IFNAME.equalsIgnoreCase(ADD_INTERFACE.IFNAME),"[IFNAME]的值为[{0}],核查不通过,提示:[ADD_IFIPV6ADDRESS.IFNAME 引用的ADD_INTERFACE.IFNAME不存在，请检查]","[IFNAME] value is [{0}],Failed to pass the check,desc:[ADD_IFIPV6ADDRESS.IFNAME quoting ADD_INTERFACE.IFNAME not exist，Please check]","命令自动生效参数[IFNAME]的默认值为[{0}],核查不通过,提示:[ADD_IFIPV6ADDRESS.IFNAME 引用的ADD_INTERFACE.IFNAME不存在，请检查]","Command auto-execution parameters[IFNAME] default value is [{0}],Failed to pass the check,desc:[ADD_IFIPV6ADDRESS.IFNAME quoting ADD_INTERFACE.IFNAME not exist，Please check]",nan,,nan,0,1,,0830张旦东 NAN对应M列公式化,,,,,
330,UDG,20.15.2,xieqiuhong,已验证,IFIPV6ADDRESS,IFNAME,ADD IFIPV6ADDRESS,UDG:ADD_IFIPV6ADDRESS,UDG:ADD_IFIPV6ADDRESS.IFNAME,UDG:ADD_GRETUNNEL.TNLNAME,1,ADD_IFIPV6ADDRESS.IFNAME != null,"ADD_IFIPV6ADDRESS.IFNAME.equalsIgnoreCase(ADD_GRETUNNEL.TNLNAME) && ""gre6"".equalsIgnoreCase(ADD_GRETUNNEL.TNLTYPE)","[IFNAME]的值为[{0}],核查不通过,提示:[ADD_IFIPV6ADDRESS.IFNAME 引用的ADD_GRETUNNEL.TNLNAME不存在，请检查]","[IFNAME] value is [{0}],Failed to pass the check,desc:[ADD_IFIPV6ADDRESS.IFNAME quoting ADD_GRETUNNEL.TNLNAME not exist，Please check]","命令自动生效参数[IFNAME]的默认值为[{0}],核查不通过,提示:[ADD_IFIPV6ADDRESS.IFNAME 引用的ADD_GRETUNNEL.TNLNAME不存在，请检查]","Command auto-execution parameters[IFNAME] default value is [{0}],Failed to pass the check,desc:[ADD_IFIPV6ADDRESS.IFNAME quoting ADD_GRETUNNEL.TNLNAME not exist，Please check]",UDG:ADD_GRETUNNEL.TNLTYPE,等于,gre6,1,0,,,,,,,
331,UDG,20.15.2,xieqiuhong,已验证,SRROUTE6,IFNAME,ADD SRROUTE6,UDG:ADD_SRROUTE6,UDG:ADD_SRROUTE6.IFNAME,UDG:ADD_INTERFACE.IFNAME,1,ADD_SRROUTE6.IFNAME != null,ADD_SRROUTE6.IFNAME.equalsIgnoreCase(ADD_INTERFACE.IFNAME),"[IFNAME]的值为[{0}],核查不通过,提示:[ADD_SRROUTE6.IFNAME 引用的ADD_INTERFACE.IFNAME不存在，请检查]","[IFNAME] value is [{0}],Failed to pass the check,desc:[ADD_SRROUTE6.IFNAME quoting ADD_INTERFACE.IFNAME not exist，Please check]","命令自动生效参数[IFNAME]的默认值为[{0}],核查不通过,提示:[ADD_SRROUTE6.IFNAME 引用的ADD_INTERFACE.IFNAME不存在，请检查]","Command auto-execution parameters[IFNAME] default value is [{0}],Failed to pass the check,desc:[ADD_SRROUTE6.IFNAME quoting ADD_INTERFACE.IFNAME not exist，Please check]",nan,,nan,1,0,,0830张旦东 NAN对应M列公式化,,,,,
331,UDG,20.15.2,xieqiuhong,已验证,SRROUTE6,IFNAME,ADD SRROUTE6,UDG:ADD_SRROUTE6,UDG:ADD_SRROUTE6.IFNAME,UDG:ADD_GRETUNNEL.TNLNAME,1,ADD_SRROUTE6.IFNAME != null,"ADD_SRROUTE6.IFNAME.equalsIgnoreCase(ADD_GRETUNNEL.TNLNAME) && ""gre6"".equalsIgnoreCase(ADD_GRETUNNEL.TNLTYPE)","[IFNAME]的值为[{0}],核查不通过,提示:[ADD_SRROUTE6.IFNAME 引用的ADD_GRETUNNEL.TNLNAME不存在，请检查]","[IFNAME] value is [{0}],Failed to pass the check,desc:[ADD_SRROUTE6.IFNAME quoting ADD_GRETUNNEL.TNLNAME not exist，Please check]","命令自动生效参数[IFNAME]的默认值为[{0}],核查不通过,提示:[ADD_SRROUTE6.IFNAME 引用的ADD_GRETUNNEL.TNLNAME不存在，请检查]","Command auto-execution parameters[IFNAME] default value is [{0}],Failed to pass the check,desc:[ADD_SRROUTE6.IFNAME quoting ADD_GRETUNNEL.TNLNAME not exist，Please check]",UDG:ADD_GRETUNNEL.TNLTYPE,等于,gre6,1,0,,,,,,,
332,UDG,20.15.2,xieqiuhong,已验证,SRROUTE6,SESSIONNAME,ADD SRROUTE6,UDG:ADD_SRROUTE6,UDG:ADD_SRROUTE6.SESSIONNAME,UDG:ADD_BFDSESSION.SESSNAME,1,ADD_SRROUTE6.SESSIONNAME != null,ADD_SRROUTE6.SESSIONNAME.equalsIgnoreCase(ADD_BFDSESSION.SESSNAME),"[SESSIONNAME]的值为[{0}],核查不通过,提示:[ADD_SRROUTE6.SESSIONNAME 引用的ADD_BFDSESSION.SESSNAME不存在，请检查]","[SESSIONNAME] value is [{0}],Failed to pass the check,desc:[ADD_SRROUTE6.SESSIONNAME quoting ADD_BFDSESSION.SESSNAME not exist，Please check]","命令自动生效参数[SESSIONNAME]的默认值为[{0}],核查不通过,提示:[ADD_SRROUTE6.SESSIONNAME 引用的ADD_BFDSESSION.SESSNAME不存在，请检查]","Command auto-execution parameters[SESSIONNAME] default value is [{0}],Failed to pass the check,desc:[ADD_SRROUTE6.SESSIONNAME quoting ADD_BFDSESSION.SESSNAME not exist，Please check]",nan,,nan,1,0,,0830张旦东 NAN对应M列公式化,,,,,
335,UDG,20.15.2,xieqiuhong,已验证,IFIPV4ADDRESS,IFNAME,ADD IFIPV4ADDRESS,UDG:ADD_IFIPV4ADDRESS,UDG:ADD_IFIPV4ADDRESS.IFNAME,UDG:ADD_INTERFACE.IFNAME,1,ADD_IFIPV4ADDRESS.IFNAME != null,ADD_IFIPV4ADDRESS.IFNAME.equalsIgnoreCase(ADD_INTERFACE.IFNAME),"[IFNAME]的值为[{0}],核查不通过,提示:[ADD_IFIPV4ADDRESS.IFNAME 引用的ADD_INTERFACE.IFNAME不存在，请检查]","[IFNAME] value is [{0}],Failed to pass the check,desc:[ADD_IFIPV4ADDRESS.IFNAME quoting ADD_INTERFACE.IFNAME not exist，Please check]","命令自动生效参数[IFNAME]的默认值为[{0}],核查不通过,提示:[ADD_IFIPV4ADDRESS.IFNAME 引用的ADD_INTERFACE.IFNAME不存在，请检查]","Command auto-execution parameters[IFNAME] default value is [{0}],Failed to pass the check,desc:[ADD_IFIPV4ADDRESS.IFNAME quoting ADD_INTERFACE.IFNAME not exist，Please check]",nan,,nan,0,1,,0830张旦东 NAN对应M列公式化,,,,,
335,UDG,20.15.2,xieqiuhong,已验证,IFIPV4ADDRESS,IFNAME,ADD IFIPV4ADDRESS,UDG:ADD_IFIPV4ADDRESS,UDG:ADD_IFIPV4ADDRESS.IFNAME,UDG:ADD_GRETUNNEL.TNLNAME,1,ADD_IFIPV4ADDRESS.IFNAME != null,"ADD_IFIPV4ADDRESS.IFNAME.equalsIgnoreCase(ADD_GRETUNNEL.TNLNAME) && ""gre"".equalsIgnoreCase(ADD_GRETUNNEL.TNLTYPE)","[IFNAME]的值为[{0}],核查不通过,提示:[ADD_IFIPV4ADDRESS.IFNAME 引用的ADD_GRETUNNEL.TNLNAME不存在，请检查]","[IFNAME] value is [{0}],Failed to pass the check,desc:[ADD_IFIPV4ADDRESS.IFNAME quoting ADD_GRETUNNEL.TNLNAME not exist，Please check]","命令自动生效参数[IFNAME]的默认值为[{0}],核查不通过,提示:[ADD_IFIPV4ADDRESS.IFNAME 引用的ADD_GRETUNNEL.TNLNAME不存在，请检查]","Command auto-execution parameters[IFNAME] default value is [{0}],Failed to pass the check,desc:[ADD_IFIPV4ADDRESS.IFNAME quoting ADD_GRETUNNEL.TNLNAME not exist，Please check]",UDG:ADD_GRETUNNEL.TNLTYPE,等于,gre,1,0,,,,,,,
336,UDG,20.15.2,xieqiuhong,已验证,QOSPROP,QOSURRNAME,ADD QOSPROP,UDG:ADD_QOSPROP,UDG:ADD_QOSPROP.QOSURRNAME,UDG:ADD_URR.URRNAME,1,ADD_QOSPROP.QOSURRNAME != null,"ADD_QOSPROP.QOSURRNAME.equalsIgnoreCase(ADD_URR.URRNAME) && ""QOS"".equalsIgnoreCase(ADD_URR.USAGERPTMODE)","[QOSURRNAME]的值为[{0}],核查不通过,提示:[ADD_QOSPROP.QOSURRNAME 引用的ADD_URR.URRNAME不存在，请检查]","[QOSURRNAME] value is [{0}],Failed to pass the check,desc:[ADD_QOSPROP.QOSURRNAME quoting ADD_URR.URRNAME not exist，Please check]","命令自动生效参数[QOSURRNAME]的默认值为[{0}],核查不通过,提示:[ADD_QOSPROP.QOSURRNAME 引用的ADD_URR.URRNAME不存在，请检查]","Command auto-execution parameters[QOSURRNAME] default value is [{0}],Failed to pass the check,desc:[ADD_QOSPROP.QOSURRNAME quoting ADD_URR.URRNAME not exist，Please check]",UDG:ADD_URR.USAGERPTMODE,等于,QOS,1,0,,,,,,,
372,UDG,20.15.2,xieqiuhong,已验证,FILTERIPV6,SVRIPLISTNAME,ADD FILTERIPV6,UDG:ADD_FILTERIPV6,UDG:ADD_FILTERIPV6.SVRIPLISTNAME,UDG:ADD_IPLIST.IPLISTNAME,1,"ADD_FILTERIPV6.SVRIPLISTNAME != null && ""IPLIST"".equalsIgnoreCase(ADD_FILTERIPV6.SVRIPMODE)",ADD_FILTERIPV6.SVRIPLISTNAME.equalsIgnoreCase(ADD_IPLIST.IPLISTNAME),"[SVRIPLISTNAME]的值为[{0}],核查不通过,提示:[ADD_FILTERIPV6.SVRIPLISTNAME 引用的ADD_IPLIST.IPLISTNAME不存在，请检查]","[SVRIPLISTNAME] value is [{0}],Failed to pass the check,desc:[ADD_FILTERIPV6.SVRIPLISTNAME quoting ADD_IPLIST.IPLISTNAME not exist，Please check]","命令自动生效参数[SVRIPLISTNAME]的默认值为[{0}],核查不通过,提示:[ADD_FILTERIPV6.SVRIPLISTNAME 引用的ADD_IPLIST.IPLISTNAME不存在，请检查]","Command auto-execution parameters[SVRIPLISTNAME] default value is [{0}],Failed to pass the check,desc:[ADD_FILTERIPV6.SVRIPLISTNAME quoting ADD_IPLIST.IPLISTNAME not exist，Please check]",UDG:ADD_FILTERIPV6.SVRIPMODE,,IPLIST,1,0,,,,,,,
397,UDG,20.15.2,xieqiuhong,已验证,FLOWFILTER,FILTERGRPNAME,ADD FLOWFILTER,UDG:ADD_FLOWFILTER,UDG:ADD_FLOWFILTER.FILTERGRPNAME,UDG:ADD_FILTERGROUP.FILTERGRPNAME,1,ADD_FLOWFILTER.FILTERGRPNAME != null,ADD_FLOWFILTER.FILTERGRPNAME.equalsIgnoreCase(ADD_FILTERGROUP.FILTERGRPNAME),"[FILTERGRPNAME]的值为[{0}],核查不通过,提示:[ADD_FLOWFILTER.FILTERGRPNAME 引用的ADD_FILTERGROUP.FILTERGRPNAME不存在，请检查]","[FILTERGRPNAME] value is [{0}],Failed to pass the check,desc:[ADD_FLOWFILTER.FILTERGRPNAME quoting ADD_FILTERGROUP.FILTERGRPNAME not exist，Please check]","命令自动生效参数[FILTERGRPNAME]的默认值为[{0}],核查不通过,提示:[ADD_FLOWFILTER.FILTERGRPNAME 引用的ADD_FILTERGROUP.FILTERGRPNAME不存在，请检查]","Command auto-execution parameters[FILTERGRPNAME] default value is [{0}],Failed to pass the check,desc:[ADD_FLOWFILTER.FILTERGRPNAME quoting ADD_FILTERGROUP.FILTERGRPNAME not exist，Please check]",nan,,nan,1,0,,0830张旦东 NAN对应M列公式化,,,,,
399,UDG,20.15.2,xieqiuhong,已验证,FLTBINDFLOWF,FILTERNAME,ADD FLTBINDFLOWF,UDG:ADD_FLTBINDFLOWF,UDG:ADD_FLTBINDFLOWF.FILTERNAME,UDG:ADD_FILTERIPV6.FILTERNAME,1,ADD_FLTBINDFLOWF.FILTERNAME != null,ADD_FLTBINDFLOWF.FILTERNAME.equalsIgnoreCase(ADD_FILTERIPV6.FILTERNAME),"[FILTERNAME]的值为[{0}],核查不通过,提示:[ADD_FLTBINDFLOWF.FILTERNAME 引用的ADD_FILTERIPV6.FILTERNAME不存在，请检查]","[FILTERNAME] value is [{0}],Failed to pass the check,desc:[ADD_FLTBINDFLOWF.FILTERNAME quoting ADD_FILTERIPV6.FILTERNAME not exist，Please check]","命令自动生效参数[FILTERNAME]的默认值为[{0}],核查不通过,提示:[ADD_FLTBINDFLOWF.FILTERNAME 引用的ADD_FILTERIPV6.FILTERNAME不存在，请检查]","Command auto-execution parameters[FILTERNAME] default value is [{0}],Failed to pass the check,desc:[ADD_FLTBINDFLOWF.FILTERNAME quoting ADD_FILTERIPV6.FILTERNAME not exist，Please check]",nan,,nan,0,1,,0830张旦东 NAN对应M列公式化,,,,,
400,UDG,20.15.2,xieqiuhong,已验证,FLTBINDFLOWF,FLOWFILTERNAME,ADD FLTBINDFLOWF,UDG:ADD_FLTBINDFLOWF,UDG:ADD_FLTBINDFLOWF.FLOWFILTERNAME,UDG:ADD_FLOWFILTER.FLOWFILTERNAME,0,ADD_FLTBINDFLOWF.FLOWFILTERNAME != null,ADD_FLTBINDFLOWF.FLOWFILTERNAME.equalsIgnoreCase(ADD_FLOWFILTER.FLOWFILTERNAME),"[FLOWFILTERNAME]的值为[{0}],核查不通过,提示:[ADD_FLTBINDFLOWF.FLOWFILTERNAME 引用的ADD_FLOWFILTER.FLOWFILTERNAME不存在，请检查]","[FLOWFILTERNAME] value is [{0}],Failed to pass the check,desc:[ADD_FLTBINDFLOWF.FLOWFILTERNAME quoting ADD_FLOWFILTER.FLOWFILTERNAME not exist，Please check]","命令自动生效参数[FLOWFILTERNAME]的默认值为[{0}],核查不通过,提示:[ADD_FLTBINDFLOWF.FLOWFILTERNAME 引用的ADD_FLOWFILTER.FLOWFILTERNAME不存在，请检查]","Command auto-execution parameters[FLOWFILTERNAME] default value is [{0}],Failed to pass the check,desc:[ADD_FLTBINDFLOWF.FLOWFILTERNAME quoting ADD_FLOWFILTER.FLOWFILTERNAME not exist，Please check]",nan,,nan,0,1,,0830张旦东 NAN对应M列公式化,,,,,
401,UDG,20.15.2,xieqiuhong,已验证,USERPROFILE,EXTENDPROPNAME,ADD USERPROFILE,UDG:ADD_USERPROFILE,UDG:ADD_USERPROFILE.EXTENDPROPNAME,UDG:ADD_EXTENDPROP.EXTENDPROPNAME,1,ADD_USERPROFILE.EXTENDPROPNAME != null,ADD_USERPROFILE.EXTENDPROPNAME.equalsIgnoreCase(ADD_EXTENDPROP.EXTENDPROPNAME),"[EXTENDPROPNAME]的值为[{0}],核查不通过,提示:[ADD_USERPROFILE.EXTENDPROPNAME 引用的ADD_EXTENDPROP.EXTENDPROPNAME不存在，请检查]","[EXTENDPROPNAME] value is [{0}],Failed to pass the check,desc:[ADD_USERPROFILE.EXTENDPROPNAME quoting ADD_EXTENDPROP.EXTENDPROPNAME not exist，Please check]","命令自动生效参数[EXTENDPROPNAME]的默认值为[{0}],核查不通过,提示:[ADD_USERPROFILE.EXTENDPROPNAME 引用的ADD_EXTENDPROP.EXTENDPROPNAME不存在，请检查]","Command auto-execution parameters[EXTENDPROPNAME] default value is [{0}],Failed to pass the check,desc:[ADD_USERPROFILE.EXTENDPROPNAME quoting ADD_EXTENDPROP.EXTENDPROPNAME not exist，Please check]",nan,,nan,1,0,,0830张旦东 NAN对应M列公式化,,,,,
402,UDG,20.15.2,xieqiuhong,已验证,RULE,FLOWFILTERNAME,ADD RULE,UDG:ADD_RULE,UDG:ADD_RULE.FLOWFILTERNAME,UDG:ADD_FLOWFILTER.FLOWFILTERNAME,1,"ADD_RULE.FLOWFILTERNAME != null && ""FLOWFILTER"".equalsIgnoreCase(ADD_RULE.FILTERINGMODE)",ADD_RULE.FLOWFILTERNAME.equalsIgnoreCase(ADD_FLOWFILTER.FLOWFILTERNAME),"[FLOWFILTERNAME]的值为[{0}],核查不通过,提示:[ADD_RULE.FLOWFILTERNAME 引用的ADD_FLOWFILTER.FLOWFILTERNAME不存在，请检查]","[FLOWFILTERNAME] value is [{0}],Failed to pass the check,desc:[ADD_RULE.FLOWFILTERNAME quoting ADD_FLOWFILTER.FLOWFILTERNAME not exist，Please check]","命令自动生效参数[FLOWFILTERNAME]的默认值为[{0}],核查不通过,提示:[ADD_RULE.FLOWFILTERNAME 引用的ADD_FLOWFILTER.FLOWFILTERNAME不存在，请检查]","Command auto-execution parameters[FLOWFILTERNAME] default value is [{0}],Failed to pass the check,desc:[ADD_RULE.FLOWFILTERNAME quoting ADD_FLOWFILTER.FLOWFILTERNAME not exist，Please check]",UDG:ADD_RULE.FILTERINGMODE,,FLOWFILTER,1,0,,,,,,,
403,UDG,20.15.2,xieqiuhong,已验证,RULE,FLWFLTRGRPNAME,ADD RULE,UDG:ADD_RULE,UDG:ADD_RULE.FLWFLTRGRPNAME,UDG:ADD_FLOWFILTERGRP.FLWFLTRGRPNAME,1,"ADD_RULE.FLWFLTRGRPNAME != null && ""FLOWFILTERGRP"".equalsIgnoreCase(ADD_RULE.FILTERINGMODE)",ADD_RULE.FLWFLTRGRPNAME.equalsIgnoreCase(ADD_FLOWFILTERGRP.FLWFLTRGRPNAME),"[FLWFLTRGRPNAME]的值为[{0}],核查不通过,提示:[ADD_RULE.FLWFLTRGRPNAME 引用的ADD_FLOWFILTERGRP.FLWFLTRGRPNAME不存在，请检查]","[FLWFLTRGRPNAME] value is [{0}],Failed to pass the check,desc:[ADD_RULE.FLWFLTRGRPNAME quoting ADD_FLOWFILTERGRP.FLWFLTRGRPNAME not exist，Please check]","命令自动生效参数[FLWFLTRGRPNAME]的默认值为[{0}],核查不通过,提示:[ADD_RULE.FLWFLTRGRPNAME 引用的ADD_FLOWFILTERGRP.FLWFLTRGRPNAME不存在，请检查]","Command auto-execution parameters[FLWFLTRGRPNAME] default value is [{0}],Failed to pass the check,desc:[ADD_RULE.FLWFLTRGRPNAME quoting ADD_FLOWFILTERGRP.FLWFLTRGRPNAME not exist，Please check]",UDG:ADD_RULE.FILTERINGMODE,,FLOWFILTERGRP,1,0,,,,,,,
405,UDG,20.15.2,xieqiuhong,已验证,RULE,TIMERANGENAME,ADD RULE,UDG:ADD_RULE,UDG:ADD_RULE.TIMERANGENAME,UDG:ADD_TIMERANGE.TIMERANGENAME,1,ADD_RULE.TIMERANGENAME != null,ADD_RULE.TIMERANGENAME.equalsIgnoreCase(ADD_TIMERANGE.TIMERANGENAME),"[TIMERANGENAME]的值为[{0}],核查不通过,提示:[ADD_RULE.TIMERANGENAME 引用的ADD_TIMERANGE.TIMERANGENAME不存在，请检查]","[TIMERANGENAME] value is [{0}],Failed to pass the check,desc:[ADD_RULE.TIMERANGENAME quoting ADD_TIMERANGE.TIMERANGENAME not exist，Please check]","命令自动生效参数[TIMERANGENAME]的默认值为[{0}],核查不通过,提示:[ADD_RULE.TIMERANGENAME 引用的ADD_TIMERANGE.TIMERANGENAME不存在，请检查]","Command auto-execution parameters[TIMERANGENAME] default value is [{0}],Failed to pass the check,desc:[ADD_RULE.TIMERANGENAME quoting ADD_TIMERANGE.TIMERANGENAME not exist，Please check]",nan,,nan,1,0,,0830张旦东 NAN对应M列公式化,,,,,
414,UDG,20.15.2,xieqiuhong,已验证,FILTER,HOSTNAME,ADD FILTER,UDG:ADD_FILTER,UDG:ADD_FILTER.HOSTNAME,UDG:ADD_HOST.HOSTNAME,1,"ADD_FILTER.HOSTNAME != null && ""HOSTNAME"".equalsIgnoreCase(ADD_FILTER.SVRIPMODE)",ADD_FILTER.HOSTNAME.equalsIgnoreCase(ADD_HOST.HOSTNAME),"[HOSTNAME]的值为[{0}],核查不通过,提示:[ADD_FILTER.HOSTNAME 引用的ADD_HOST.HOSTNAME不存在，请检查]","[HOSTNAME] value is [{0}],Failed to pass the check,desc:[ADD_FILTER.HOSTNAME quoting ADD_HOST.HOSTNAME not exist，Please check]","命令自动生效参数[HOSTNAME]的默认值为[{0}],核查不通过,提示:[ADD_FILTER.HOSTNAME 引用的ADD_HOST.HOSTNAME不存在，请检查]","Command auto-execution parameters[HOSTNAME] default value is [{0}],Failed to pass the check,desc:[ADD_FILTER.HOSTNAME quoting ADD_HOST.HOSTNAME not exist，Please check]",UDG:ADD_FILTER.SVRIPMODE,,HOSTNAME,1,0,,,,,,,
415,UDG,20.15.2,xieqiuhong,已验证,FILTER,MSIPLISTNAME,ADD FILTER,UDG:ADD_FILTER,UDG:ADD_FILTER.MSIPLISTNAME,UDG:ADD_IPLIST.IPLISTNAME,1,"ADD_FILTER.MSIPLISTNAME != null && ""IPLIST"".equalsIgnoreCase(ADD_FILTER.MSIPMODE)",ADD_FILTER.MSIPLISTNAME.equalsIgnoreCase(ADD_IPLIST.IPLISTNAME),"[MSIPLISTNAME]的值为[{0}],核查不通过,提示:[ADD_FILTER.MSIPLISTNAME 引用的ADD_IPLIST.IPLISTNAME不存在，请检查]","[MSIPLISTNAME] value is [{0}],Failed to pass the check,desc:[ADD_FILTER.MSIPLISTNAME quoting ADD_IPLIST.IPLISTNAME not exist，Please check]","命令自动生效参数[MSIPLISTNAME]的默认值为[{0}],核查不通过,提示:[ADD_FILTER.MSIPLISTNAME 引用的ADD_IPLIST.IPLISTNAME不存在，请检查]","Command auto-execution parameters[MSIPLISTNAME] default value is [{0}],Failed to pass the check,desc:[ADD_FILTER.MSIPLISTNAME quoting ADD_IPLIST.IPLISTNAME not exist，Please check]",UDG:ADD_FILTER.MSIPMODE,,IPLIST,1,0,,,,,,,
419,UDG,20.15.2,xieqiuhong,已验证,RULEBINDING,USERPROFILENAME,ADD RULEBINDING,UDG:ADD_RULEBINDING,UDG:ADD_RULEBINDING.USERPROFILENAME,UDG:ADD_USERPROFILE.USERPROFILENAME,0,ADD_RULEBINDING.USERPROFILENAME != null,ADD_RULEBINDING.USERPROFILENAME.equalsIgnoreCase(ADD_USERPROFILE.USERPROFILENAME),"[USERPROFILENAME]的值为[{0}],核查不通过,提示:[ADD_RULEBINDING.USERPROFILENAME 引用的ADD_USERPROFILE.USERPROFILENAME不存在，请检查]","[USERPROFILENAME] value is [{0}],Failed to pass the check,desc:[ADD_RULEBINDING.USERPROFILENAME quoting ADD_USERPROFILE.USERPROFILENAME not exist，Please check]","命令自动生效参数[USERPROFILENAME]的默认值为[{0}],核查不通过,提示:[ADD_RULEBINDING.USERPROFILENAME 引用的ADD_USERPROFILE.USERPROFILENAME不存在，请检查]","Command auto-execution parameters[USERPROFILENAME] default value is [{0}],Failed to pass the check,desc:[ADD_RULEBINDING.USERPROFILENAME quoting ADD_USERPROFILE.USERPROFILENAME not exist，Please check]",nan,,nan,0,1,,0830张旦东 NAN对应M列公式化,,,,,
420,UDG,20.15.2,xieqiuhong,已验证,PROTBINDFLOWF,FLOWFILTERNAME,ADD PROTBINDFLOWF,UDG:ADD_PROTBINDFLOWF,UDG:ADD_PROTBINDFLOWF.FLOWFILTERNAME,UDG:ADD_FLOWFILTER.FLOWFILTERNAME,0,ADD_PROTBINDFLOWF.FLOWFILTERNAME != null,ADD_PROTBINDFLOWF.FLOWFILTERNAME.equalsIgnoreCase(ADD_FLOWFILTER.FLOWFILTERNAME),"[FLOWFILTERNAME]的值为[{0}],核查不通过,提示:[ADD_PROTBINDFLOWF.FLOWFILTERNAME 引用的ADD_FLOWFILTER.FLOWFILTERNAME不存在，请检查]","[FLOWFILTERNAME] value is [{0}],Failed to pass the check,desc:[ADD_PROTBINDFLOWF.FLOWFILTERNAME quoting ADD_FLOWFILTER.FLOWFILTERNAME not exist，Please check]","命令自动生效参数[FLOWFILTERNAME]的默认值为[{0}],核查不通过,提示:[ADD_PROTBINDFLOWF.FLOWFILTERNAME 引用的ADD_FLOWFILTER.FLOWFILTERNAME不存在，请检查]","Command auto-execution parameters[FLOWFILTERNAME] default value is [{0}],Failed to pass the check,desc:[ADD_PROTBINDFLOWF.FLOWFILTERNAME quoting ADD_FLOWFILTER.FLOWFILTERNAME not exist，Please check]",nan,,nan,0,1,,0830张旦东 NAN对应M列公式化,,,,,
421,UDG,20.15.2,xieqiuhong,已验证,PROTBINDFLOWF,L7FILTERNAME,ADD PROTBINDFLOWF,UDG:ADD_PROTBINDFLOWF,UDG:ADD_PROTBINDFLOWF.L7FILTERNAME,UDG:ADD_L7FILTER.L7FILTERNAME,1,ADD_PROTBINDFLOWF.L7FILTERNAME != null,ADD_PROTBINDFLOWF.L7FILTERNAME.equalsIgnoreCase(ADD_L7FILTER.L7FILTERNAME),"[L7FILTERNAME]的值为[{0}],核查不通过,提示:[ADD_PROTBINDFLOWF.L7FILTERNAME 引用的ADD_L7FILTER.L7FILTERNAME不存在，请检查]","[L7FILTERNAME] value is [{0}],Failed to pass the check,desc:[ADD_PROTBINDFLOWF.L7FILTERNAME quoting ADD_L7FILTER.L7FILTERNAME not exist，Please check]","命令自动生效参数[L7FILTERNAME]的默认值为[{0}],核查不通过,提示:[ADD_PROTBINDFLOWF.L7FILTERNAME 引用的ADD_L7FILTER.L7FILTERNAME不存在，请检查]","Command auto-execution parameters[L7FILTERNAME] default value is [{0}],Failed to pass the check,desc:[ADD_PROTBINDFLOWF.L7FILTERNAME quoting ADD_L7FILTER.L7FILTERNAME not exist，Please check]",nan,,nan,0,1,,0830张旦东 NAN对应M列公式化,,,,,
422,UDG,20.15.2,xieqiuhong,已验证,PCCPOLICYGRP,EXTENDPROPNAME,ADD PCCPOLICYGRP,UDG:ADD_PCCPOLICYGRP,UDG:ADD_PCCPOLICYGRP.EXTENDPROPNAME,UDG:ADD_EXTENDPROP.EXTENDPROPNAME,1,ADD_PCCPOLICYGRP.EXTENDPROPNAME != null,ADD_PCCPOLICYGRP.EXTENDPROPNAME.equalsIgnoreCase(ADD_EXTENDPROP.EXTENDPROPNAME),"[EXTENDPROPNAME]的值为[{0}],核查不通过,提示:[ADD_PCCPOLICYGRP.EXTENDPROPNAME 引用的ADD_EXTENDPROP.EXTENDPROPNAME不存在，请检查]","[EXTENDPROPNAME] value is [{0}],Failed to pass the check,desc:[ADD_PCCPOLICYGRP.EXTENDPROPNAME quoting ADD_EXTENDPROP.EXTENDPROPNAME not exist，Please check]","命令自动生效参数[EXTENDPROPNAME]的默认值为[{0}],核查不通过,提示:[ADD_PCCPOLICYGRP.EXTENDPROPNAME 引用的ADD_EXTENDPROP.EXTENDPROPNAME不存在，请检查]","Command auto-execution parameters[EXTENDPROPNAME] default value is [{0}],Failed to pass the check,desc:[ADD_PCCPOLICYGRP.EXTENDPROPNAME quoting ADD_EXTENDPROP.EXTENDPROPNAME not exist，Please check]",nan,,nan,1,0,,0830张旦东 NAN对应M列公式化,,,,,
423,UDG,20.15.2,xieqiuhong,已验证,PCCPOLICYGRP,PCCACTPROPNAME,ADD PCCPOLICYGRP,UDG:ADD_PCCPOLICYGRP,UDG:ADD_PCCPOLICYGRP.PCCACTPROPNAME,UDG:ADD_PCCACTIONPROP.PCCACTPROPNAME,1,ADD_PCCPOLICYGRP.PCCACTPROPNAME != null,ADD_PCCPOLICYGRP.PCCACTPROPNAME.equalsIgnoreCase(ADD_PCCACTIONPROP.PCCACTPROPNAME),"[PCCACTPROPNAME]的值为[{0}],核查不通过,提示:[ADD_PCCPOLICYGRP.PCCACTPROPNAME 引用的ADD_PCCACTIONPROP.PCCACTPROPNAME不存在，请检查]","[PCCACTPROPNAME] value is [{0}],Failed to pass the check,desc:[ADD_PCCPOLICYGRP.PCCACTPROPNAME quoting ADD_PCCACTIONPROP.PCCACTPROPNAME not exist，Please check]","命令自动生效参数[PCCACTPROPNAME]的默认值为[{0}],核查不通过,提示:[ADD_PCCPOLICYGRP.PCCACTPROPNAME 引用的ADD_PCCACTIONPROP.PCCACTPROPNAME不存在，请检查]","Command auto-execution parameters[PCCACTPROPNAME] default value is [{0}],Failed to pass the check,desc:[ADD_PCCPOLICYGRP.PCCACTPROPNAME quoting ADD_PCCACTIONPROP.PCCACTPROPNAME not exist，Please check]",nan,,nan,1,0,,0830张旦东 NAN对应M列公式化,,,,,
424,UDG,20.15.2,xieqiuhong,已验证,PCCPOLICYGRP,SIGURRGRPNAME,ADD PCCPOLICYGRP,UDG:ADD_PCCPOLICYGRP,UDG:ADD_PCCPOLICYGRP.SIGURRGRPNAME,UDG:ADD_URRGROUP.URRGROUPNAME,1,ADD_PCCPOLICYGRP.SIGURRGRPNAME != null,ADD_PCCPOLICYGRP.SIGURRGRPNAME.equalsIgnoreCase(ADD_URRGROUP.URRGROUPNAME),"[SIGURRGRPNAME]的值为[{0}],核查不通过,提示:[ADD_PCCPOLICYGRP.SIGURRGRPNAME 引用的ADD_URRGROUP.URRGROUPNAME不存在，请检查]","[SIGURRGRPNAME] value is [{0}],Failed to pass the check,desc:[ADD_PCCPOLICYGRP.SIGURRGRPNAME quoting ADD_URRGROUP.URRGROUPNAME not exist，Please check]","命令自动生效参数[SIGURRGRPNAME]的默认值为[{0}],核查不通过,提示:[ADD_PCCPOLICYGRP.SIGURRGRPNAME 引用的ADD_URRGROUP.URRGROUPNAME不存在，请检查]","Command auto-execution parameters[SIGURRGRPNAME] default value is [{0}],Failed to pass the check,desc:[ADD_PCCPOLICYGRP.SIGURRGRPNAME quoting ADD_URRGROUP.URRGROUPNAME not exist，Please check]",nan,,nan,1,0,,0830张旦东 NAN对应M列公式化,,,,,
425,UDG,20.15.2,xieqiuhong,已验证,PCCPOLICYGRP,URRGROUPNAME,ADD PCCPOLICYGRP,UDG:ADD_PCCPOLICYGRP,UDG:ADD_PCCPOLICYGRP.URRGROUPNAME,UDG:ADD_URRGROUP.URRGROUPNAME,1,ADD_PCCPOLICYGRP.URRGROUPNAME != null,ADD_PCCPOLICYGRP.URRGROUPNAME.equalsIgnoreCase(ADD_URRGROUP.URRGROUPNAME),"[URRGROUPNAME]的值为[{0}],核查不通过,提示:[ADD_PCCPOLICYGRP.URRGROUPNAME 引用的ADD_URRGROUP.URRGROUPNAME不存在，请检查]","[URRGROUPNAME] value is [{0}],Failed to pass the check,desc:[ADD_PCCPOLICYGRP.URRGROUPNAME quoting ADD_URRGROUP.URRGROUPNAME not exist，Please check]","命令自动生效参数[URRGROUPNAME]的默认值为[{0}],核查不通过,提示:[ADD_PCCPOLICYGRP.URRGROUPNAME 引用的ADD_URRGROUP.URRGROUPNAME不存在，请检查]","Command auto-execution parameters[URRGROUPNAME] default value is [{0}],Failed to pass the check,desc:[ADD_PCCPOLICYGRP.URRGROUPNAME quoting ADD_URRGROUP.URRGROUPNAME not exist，Please check]",nan,,nan,1,0,,0830张旦东 NAN对应M列公式化,,,,,
426,UDG,20.15.2,xieqiuhong,已验证,PCCPOLICYGRP,QOSPROPNAME,ADD PCCPOLICYGRP,UDG:ADD_PCCPOLICYGRP,UDG:ADD_PCCPOLICYGRP.QOSPROPNAME,UDG:ADD_QOSPROP.QOSPROPNAME,1,ADD_PCCPOLICYGRP.QOSPROPNAME != null,ADD_PCCPOLICYGRP.QOSPROPNAME.equalsIgnoreCase(ADD_QOSPROP.QOSPROPNAME),"[QOSPROPNAME]的值为[{0}],核查不通过,提示:[ADD_PCCPOLICYGRP.QOSPROPNAME 引用的ADD_QOSPROP.QOSPROPNAME不存在，请检查]","[QOSPROPNAME] value is [{0}],Failed to pass the check,desc:[ADD_PCCPOLICYGRP.QOSPROPNAME quoting ADD_QOSPROP.QOSPROPNAME not exist，Please check]","命令自动生效参数[QOSPROPNAME]的默认值为[{0}],核查不通过,提示:[ADD_PCCPOLICYGRP.QOSPROPNAME 引用的ADD_QOSPROP.QOSPROPNAME不存在，请检查]","Command auto-execution parameters[QOSPROPNAME] default value is [{0}],Failed to pass the check,desc:[ADD_PCCPOLICYGRP.QOSPROPNAME quoting ADD_QOSPROP.QOSPROPNAME not exist，Please check]",nan,,nan,1,0,,0830张旦东 NAN对应M列公式化,,,,,
427,UDG,20.15.2,xieqiuhong,已验证,ADCPARA,FLOWFILTERNAME,ADD ADCPARA,UDG:ADD_ADCPARA,UDG:ADD_ADCPARA.FLOWFILTERNAME,UDG:ADD_FLOWFILTER.FLOWFILTERNAME,0,ADD_ADCPARA.FLOWFILTERNAME != null,ADD_ADCPARA.FLOWFILTERNAME.equalsIgnoreCase(ADD_FLOWFILTER.FLOWFILTERNAME),"[FLOWFILTERNAME]的值为[{0}],核查不通过,提示:[ADD_ADCPARA.FLOWFILTERNAME 引用的ADD_FLOWFILTER.FLOWFILTERNAME不存在，请检查]","[FLOWFILTERNAME] value is [{0}],Failed to pass the check,desc:[ADD_ADCPARA.FLOWFILTERNAME quoting ADD_FLOWFILTER.FLOWFILTERNAME not exist，Please check]","命令自动生效参数[FLOWFILTERNAME]的默认值为[{0}],核查不通过,提示:[ADD_ADCPARA.FLOWFILTERNAME 引用的ADD_FLOWFILTER.FLOWFILTERNAME不存在，请检查]","Command auto-execution parameters[FLOWFILTERNAME] default value is [{0}],Failed to pass the check,desc:[ADD_ADCPARA.FLOWFILTERNAME quoting ADD_FLOWFILTER.FLOWFILTERNAME not exist，Please check]",nan,,nan,1,0,,0830张旦东 NAN对应M列公式化,,,,,
429,UDG,20.15.2,xieqiuhong,已验证,LOGICINF,VPNINSTANCE,ADD LOGICINF,UDG:ADD_LOGICINF,UDG:ADD_LOGICINF.VPNINSTANCE,UDG:ADD_VPNINST.VPNINSTANCE,1,"ADD_LOGICINF.VPNINSTANCE != null &&  !""_public_"".equalsIgnoreCase(ADD_LOGICINF.VPNINSTANCE)",ADD_LOGICINF.VPNINSTANCE.equalsIgnoreCase(ADD_VPNINST.VPNINSTANCE),"[VPNINSTANCE]的值为[{0}],核查不通过,提示:[ADD_LOGICINF.VPNINSTANCE 引用的ADD_VPNINST.VPNINSTANCE不存在，请检查]","[VPNINSTANCE] value is [{0}],Failed to pass the check,desc:[ADD_LOGICINF.VPNINSTANCE quoting ADD_VPNINST.VPNINSTANCE not exist，Please check]","命令自动生效参数[VPNINSTANCE]的默认值为[{0}],核查不通过,提示:[ADD_LOGICINF.VPNINSTANCE 引用的ADD_VPNINST.VPNINSTANCE不存在，请检查]","Command auto-execution parameters[VPNINSTANCE] default value is [{0}],Failed to pass the check,desc:[ADD_LOGICINF.VPNINSTANCE quoting ADD_VPNINST.VPNINSTANCE not exist，Please check]",UDG:ADD_LOGICINF.VPNINSTANCE,不等于,_public_,1,0,,,,,,,
430,UDG,20.15.2,xieqiuhong,已验证,APN,VPNINSTANCEIPV6,ADD APN,UDG:ADD_APN,UDG:ADD_APN.VPNINSTANCEIPV6,UDG:ADD_VPNINST.VPNINSTANCE,1,ADD_APN.VPNINSTANCEIPV6 != null,ADD_APN.VPNINSTANCEIPV6.equalsIgnoreCase(ADD_VPNINST.VPNINSTANCE),"[VPNINSTANCEIPV6]的值为[{0}],核查不通过,提示:[ADD_APN.VPNINSTANCEIPV6 引用的ADD_VPNINST.VPNINSTANCE不存在，请检查]","[VPNINSTANCEIPV6] value is [{0}],Failed to pass the check,desc:[ADD_APN.VPNINSTANCEIPV6 quoting ADD_VPNINST.VPNINSTANCE not exist，Please check]","命令自动生效参数[VPNINSTANCEIPV6]的默认值为[{0}],核查不通过,提示:[ADD_APN.VPNINSTANCEIPV6 引用的ADD_VPNINST.VPNINSTANCE不存在，请检查]","Command auto-execution parameters[VPNINSTANCEIPV6] default value is [{0}],Failed to pass the check,desc:[ADD_APN.VPNINSTANCEIPV6 quoting ADD_VPNINST.VPNINSTANCE not exist，Please check]",nan,,nan,1,0,,0830张旦东 NAN对应M列公式化,,,,,
431,UDG,20.15.2,xieqiuhong,已验证,APN,VPNINSTANCE,ADD APN,UDG:ADD_APN,UDG:ADD_APN.VPNINSTANCE,UDG:ADD_VPNINST.VPNINSTANCE,1,ADD_APN.VPNINSTANCE != null,ADD_APN.VPNINSTANCE.equalsIgnoreCase(ADD_VPNINST.VPNINSTANCE),"[VPNINSTANCE]的值为[{0}],核查不通过,提示:[ADD_APN.VPNINSTANCE 引用的ADD_VPNINST.VPNINSTANCE不存在，请检查]","[VPNINSTANCE] value is [{0}],Failed to pass the check,desc:[ADD_APN.VPNINSTANCE quoting ADD_VPNINST.VPNINSTANCE not exist，Please check]","命令自动生效参数[VPNINSTANCE]的默认值为[{0}],核查不通过,提示:[ADD_APN.VPNINSTANCE 引用的ADD_VPNINST.VPNINSTANCE不存在，请检查]","Command auto-execution parameters[VPNINSTANCE] default value is [{0}],Failed to pass the check,desc:[ADD_APN.VPNINSTANCE quoting ADD_VPNINST.VPNINSTANCE not exist，Please check]",nan,,nan,1,0,,0830张旦东 NAN对应M列公式化,,,,,
432,UDG,20.15.2,xieqiuhong,已验证,BLACKLISTRULE,FLOWFILTERNAME,ADD BLACKLISTRULE,UDG:ADD_BLACKLISTRULE,UDG:ADD_BLACKLISTRULE.FLOWFILTERNAME,UDG:ADD_FLOWFILTER.FLOWFILTERNAME,1,ADD_BLACKLISTRULE.FLOWFILTERNAME != null,ADD_BLACKLISTRULE.FLOWFILTERNAME.equalsIgnoreCase(ADD_FLOWFILTER.FLOWFILTERNAME),"[FLOWFILTERNAME]的值为[{0}],核查不通过,提示:[ADD_BLACKLISTRULE.FLOWFILTERNAME 引用的ADD_FLOWFILTER.FLOWFILTERNAME不存在，请检查]","[FLOWFILTERNAME] value is [{0}],Failed to pass the check,desc:[ADD_BLACKLISTRULE.FLOWFILTERNAME quoting ADD_FLOWFILTER.FLOWFILTERNAME not exist，Please check]","命令自动生效参数[FLOWFILTERNAME]的默认值为[{0}],核查不通过,提示:[ADD_BLACKLISTRULE.FLOWFILTERNAME 引用的ADD_FLOWFILTER.FLOWFILTERNAME不存在，请检查]","Command auto-execution parameters[FLOWFILTERNAME] default value is [{0}],Failed to pass the check,desc:[ADD_BLACKLISTRULE.FLOWFILTERNAME quoting ADD_FLOWFILTER.FLOWFILTERNAME not exist，Please check]",nan,,nan,1,0,,0830张旦东 NAN对应M列公式化,,,,,
433,UDG,20.15.2,xieqiuhong,已验证,BLACKLISTRULE,FLWFLTRGRPNAME,ADD BLACKLISTRULE,UDG:ADD_BLACKLISTRULE,UDG:ADD_BLACKLISTRULE.FLWFLTRGRPNAME,UDG:ADD_FLOWFILTERGRP.FLWFLTRGRPNAME,1,ADD_BLACKLISTRULE.FLWFLTRGRPNAME != null,ADD_BLACKLISTRULE.FLWFLTRGRPNAME.equalsIgnoreCase(ADD_FLOWFILTERGRP.FLWFLTRGRPNAME),"[FLWFLTRGRPNAME]的值为[{0}],核查不通过,提示:[ADD_BLACKLISTRULE.FLWFLTRGRPNAME 引用的ADD_FLOWFILTERGRP.FLWFLTRGRPNAME不存在，请检查]","[FLWFLTRGRPNAME] value is [{0}],Failed to pass the check,desc:[ADD_BLACKLISTRULE.FLWFLTRGRPNAME quoting ADD_FLOWFILTERGRP.FLWFLTRGRPNAME not exist，Please check]","命令自动生效参数[FLWFLTRGRPNAME]的默认值为[{0}],核查不通过,提示:[ADD_BLACKLISTRULE.FLWFLTRGRPNAME 引用的ADD_FLOWFILTERGRP.FLWFLTRGRPNAME不存在，请检查]","Command auto-execution parameters[FLWFLTRGRPNAME] default value is [{0}],Failed to pass the check,desc:[ADD_BLACKLISTRULE.FLWFLTRGRPNAME quoting ADD_FLOWFILTERGRP.FLWFLTRGRPNAME not exist，Please check]",nan,,nan,1,0,,0830张旦东 NAN对应M列公式化,,,,,
434,UDG,20.15.2,xieqiuhong,已验证,BLACKLISTRULE,TIMERANGENAME,ADD BLACKLISTRULE,UDG:ADD_BLACKLISTRULE,UDG:ADD_BLACKLISTRULE.TIMERANGENAME,UDG:ADD_TIMERANGE.TIMERANGENAME,1,ADD_BLACKLISTRULE.TIMERANGENAME != null,ADD_BLACKLISTRULE.TIMERANGENAME.equalsIgnoreCase(ADD_TIMERANGE.TIMERANGENAME),"[TIMERANGENAME]的值为[{0}],核查不通过,提示:[ADD_BLACKLISTRULE.TIMERANGENAME 引用的ADD_TIMERANGE.TIMERANGENAME不存在，请检查]","[TIMERANGENAME] value is [{0}],Failed to pass the check,desc:[ADD_BLACKLISTRULE.TIMERANGENAME quoting ADD_TIMERANGE.TIMERANGENAME not exist，Please check]","命令自动生效参数[TIMERANGENAME]的默认值为[{0}],核查不通过,提示:[ADD_BLACKLISTRULE.TIMERANGENAME 引用的ADD_TIMERANGE.TIMERANGENAME不存在，请检查]","Command auto-execution parameters[TIMERANGENAME] default value is [{0}],Failed to pass the check,desc:[ADD_BLACKLISTRULE.TIMERANGENAME quoting ADD_TIMERANGE.TIMERANGENAME not exist，Please check]",nan,,nan,1,0,,0830张旦东 NAN对应M列公式化,,,,,
435,UDG,20.15.2,xieqiuhong,已验证,IPFARMSERVER,IPFARMNAME,ADD IPFARMSERVER,UDG:ADD_IPFARMSERVER,UDG:ADD_IPFARMSERVER.IPFARMNAME,UDG:ADD_IPFARM.IPFARMNAME,0,ADD_IPFARMSERVER.IPFARMNAME != null,ADD_IPFARMSERVER.IPFARMNAME.equalsIgnoreCase(ADD_IPFARM.IPFARMNAME),"[IPFARMNAME]的值为[{0}],核查不通过,提示:[ADD_IPFARMSERVER.IPFARMNAME 引用的ADD_IPFARM.IPFARMNAME不存在，请检查]","[IPFARMNAME] value is [{0}],Failed to pass the check,desc:[ADD_IPFARMSERVER.IPFARMNAME quoting ADD_IPFARM.IPFARMNAME not exist，Please check]","命令自动生效参数[IPFARMNAME]的默认值为[{0}],核查不通过,提示:[ADD_IPFARMSERVER.IPFARMNAME 引用的ADD_IPFARM.IPFARMNAME不存在，请检查]","Command auto-execution parameters[IPFARMNAME] default value is [{0}],Failed to pass the check,desc:[ADD_IPFARMSERVER.IPFARMNAME quoting ADD_IPFARM.IPFARMNAME not exist，Please check]",nan,,nan,1,0,,0830张旦东 NAN对应M列公式化,,,,,
437,UDG,20.15.2,xieqiuhong,已验证,IPFARM,VPNINSTANCE,ADD IPFARM,UDG:ADD_IPFARM,UDG:ADD_IPFARM.VPNINSTANCE,UDG:ADD_VPNINST.VPNINSTANCE,1,ADD_IPFARM.VPNINSTANCE != null,ADD_IPFARM.VPNINSTANCE.equalsIgnoreCase(ADD_VPNINST.VPNINSTANCE),"[VPNINSTANCE]的值为[{0}],核查不通过,提示:[ADD_IPFARM.VPNINSTANCE 引用的ADD_VPNINST.VPNINSTANCE不存在，请检查]","[VPNINSTANCE] value is [{0}],Failed to pass the check,desc:[ADD_IPFARM.VPNINSTANCE quoting ADD_VPNINST.VPNINSTANCE not exist，Please check]","命令自动生效参数[VPNINSTANCE]的默认值为[{0}],核查不通过,提示:[ADD_IPFARM.VPNINSTANCE 引用的ADD_VPNINST.VPNINSTANCE不存在，请检查]","Command auto-execution parameters[VPNINSTANCE] default value is [{0}],Failed to pass the check,desc:[ADD_IPFARM.VPNINSTANCE quoting ADD_VPNINST.VPNINSTANCE not exist，Please check]",nan,,nan,1,0,,0830张旦东 NAN对应M列公式化,,,,,
441,UDG,20.15.2,xieqiuhong,已验证,POOLBINDGROUP,POOLGROUPNAME,ADD POOLBINDGROUP,UDG:ADD_POOLBINDGROUP,UDG:ADD_POOLBINDGROUP.POOLGROUPNAME,UDG:ADD_POOLGROUP.POOLGRPNAME,0,ADD_POOLBINDGROUP.POOLGROUPNAME != null,ADD_POOLBINDGROUP.POOLGROUPNAME.equalsIgnoreCase(ADD_POOLGROUP.POOLGRPNAME),"[POOLGROUPNAME]的值为[{0}],核查不通过,提示:[ADD_POOLBINDGROUP.POOLGROUPNAME 引用的ADD_POOLGROUP.POOLGRPNAME不存在，请检查]","[POOLGROUPNAME] value is [{0}],Failed to pass the check,desc:[ADD_POOLBINDGROUP.POOLGROUPNAME quoting ADD_POOLGROUP.POOLGRPNAME not exist，Please check]","命令自动生效参数[POOLGROUPNAME]的默认值为[{0}],核查不通过,提示:[ADD_POOLBINDGROUP.POOLGROUPNAME 引用的ADD_POOLGROUP.POOLGRPNAME不存在，请检查]","Command auto-execution parameters[POOLGROUPNAME] default value is [{0}],Failed to pass the check,desc:[ADD_POOLBINDGROUP.POOLGROUPNAME quoting ADD_POOLGROUP.POOLGRPNAME not exist，Please check]",nan,,nan,0,1,,0830张旦东 NAN对应M列公式化,,,,,
445,UDG,20.15.2,xieqiuhong,已验证,POOLGRPMAP,LOCATIONGRPNAME,ADD POOLGRPMAP,UDG:ADD_POOLGRPMAP,UDG:ADD_POOLGRPMAP.LOCATIONGRPNAME,UDG:ADD_LACGROUP.LACGROUPNAME,1,"ADD_POOLGRPMAP.LOCATIONGRPNAME != null && ""LAC"".equalsIgnoreCase(ADD_POOLGRPMAP.LOCATIONGRPTYPE)",ADD_POOLGRPMAP.LOCATIONGRPNAME.equalsIgnoreCase(ADD_LACGROUP.LACGROUPNAME),"[LOCATIONGRPNAME]的值为[{0}],核查不通过,提示:[ADD_POOLGRPMAP.LOCATIONGRPNAME 引用的ADD_LACGROUP.LACGROUPNAME不存在，请检查]","[LOCATIONGRPNAME] value is [{0}],Failed to pass the check,desc:[ADD_POOLGRPMAP.LOCATIONGRPNAME quoting ADD_LACGROUP.LACGROUPNAME not exist，Please check]","命令自动生效参数[LOCATIONGRPNAME]的默认值为[{0}],核查不通过,提示:[ADD_POOLGRPMAP.LOCATIONGRPNAME 引用的ADD_LACGROUP.LACGROUPNAME不存在，请检查]","Command auto-execution parameters[LOCATIONGRPNAME] default value is [{0}],Failed to pass the check,desc:[ADD_POOLGRPMAP.LOCATIONGRPNAME quoting ADD_LACGROUP.LACGROUPNAME not exist，Please check]",UDG:ADD_POOLGRPMAP.LOCATIONGRPTYPE,,LAC,1,0,,,,,,,
446,UDG,20.15.2,xieqiuhong,已验证,LACID,LACGROUPNAME,ADD LACID,UDG:ADD_LACID,UDG:ADD_LACID.LACGROUPNAME,UDG:ADD_LACGROUP.LACGROUPNAME,0,ADD_LACID.LACGROUPNAME != null,ADD_LACID.LACGROUPNAME.equalsIgnoreCase(ADD_LACGROUP.LACGROUPNAME),"[LACGROUPNAME]的值为[{0}],核查不通过,提示:[ADD_LACID.LACGROUPNAME 引用的ADD_LACGROUP.LACGROUPNAME不存在，请检查]","[LACGROUPNAME] value is [{0}],Failed to pass the check,desc:[ADD_LACID.LACGROUPNAME quoting ADD_LACGROUP.LACGROUPNAME not exist，Please check]","命令自动生效参数[LACGROUPNAME]的默认值为[{0}],核查不通过,提示:[ADD_LACID.LACGROUPNAME 引用的ADD_LACGROUP.LACGROUPNAME不存在，请检查]","Command auto-execution parameters[LACGROUPNAME] default value is [{0}],Failed to pass the check,desc:[ADD_LACID.LACGROUPNAME quoting ADD_LACGROUP.LACGROUPNAME not exist，Please check]",nan,,nan,1,0,,0830张旦东 NAN对应M列公式化,,,,,
447,UDG,20.15.2,xieqiuhong,已验证,POOLGRPMAP,LOCATIONGRPNAME,ADD POOLGRPMAP,UDG:ADD_POOLGRPMAP,UDG:ADD_POOLGRPMAP.LOCATIONGRPNAME,UDG:ADD_TACGROUP.TACGROUPNAME,1,"ADD_POOLGRPMAP.LOCATIONGRPNAME != null && ""TAC"".equalsIgnoreCase(ADD_POOLGRPMAP.LOCATIONGRPTYPE)",ADD_POOLGRPMAP.LOCATIONGRPNAME.equalsIgnoreCase(ADD_TACGROUP.TACGROUPNAME),"[LOCATIONGRPNAME]的值为[{0}],核查不通过,提示:[ADD_POOLGRPMAP.LOCATIONGRPNAME 引用的ADD_TACGROUP.TACGROUPNAME不存在，请检查]","[LOCATIONGRPNAME] value is [{0}],Failed to pass the check,desc:[ADD_POOLGRPMAP.LOCATIONGRPNAME quoting ADD_TACGROUP.TACGROUPNAME not exist，Please check]","命令自动生效参数[LOCATIONGRPNAME]的默认值为[{0}],核查不通过,提示:[ADD_POOLGRPMAP.LOCATIONGRPNAME 引用的ADD_TACGROUP.TACGROUPNAME不存在，请检查]","Command auto-execution parameters[LOCATIONGRPNAME] default value is [{0}],Failed to pass the check,desc:[ADD_POOLGRPMAP.LOCATIONGRPNAME quoting ADD_TACGROUP.TACGROUPNAME not exist，Please check]",UDG:ADD_POOLGRPMAP.LOCATIONGRPTYPE,,TAC,1,0,,,,,,,
448,UDG,20.15.2,xieqiuhong,已验证,POOLGRPMAP,POOLGROUPNAME,ADD POOLGRPMAP,UDG:ADD_POOLGRPMAP,UDG:ADD_POOLGRPMAP.POOLGROUPNAME,UDG:ADD_POOLGROUP.POOLGRPNAME,1,ADD_POOLGRPMAP.POOLGROUPNAME != null,ADD_POOLGRPMAP.POOLGROUPNAME.equalsIgnoreCase(ADD_POOLGROUP.POOLGRPNAME),"[POOLGROUPNAME]的值为[{0}],核查不通过,提示:[ADD_POOLGRPMAP.POOLGROUPNAME 引用的ADD_POOLGROUP.POOLGRPNAME不存在，请检查]","[POOLGROUPNAME] value is [{0}],Failed to pass the check,desc:[ADD_POOLGRPMAP.POOLGROUPNAME quoting ADD_POOLGROUP.POOLGRPNAME not exist，Please check]","命令自动生效参数[POOLGROUPNAME]的默认值为[{0}],核查不通过,提示:[ADD_POOLGRPMAP.POOLGROUPNAME 引用的ADD_POOLGROUP.POOLGRPNAME不存在，请检查]","Command auto-execution parameters[POOLGROUPNAME] default value is [{0}],Failed to pass the check,desc:[ADD_POOLGRPMAP.POOLGROUPNAME quoting ADD_POOLGROUP.POOLGRPNAME not exist，Please check]",nan,,nan,1,0,,0830张旦东 NAN对应M列公式化,,,,,
449,UDG,20.15.2,xieqiuhong,已验证,POOL,VPNINSTANCE,ADD POOL,UDG:ADD_POOL,UDG:ADD_POOL.VPNINSTANCE,UDG:ADD_VPNINST.VPNINSTANCE,1,"ADD_POOL.VPNINSTANCE != null && ""ENABLE"".equalsIgnoreCase(ADD_POOL.HASVPN)",ADD_POOL.VPNINSTANCE.equalsIgnoreCase(ADD_VPNINST.VPNINSTANCE),"[VPNINSTANCE]的值为[{0}],核查不通过,提示:[ADD_POOL.VPNINSTANCE 引用的ADD_VPNINST.VPNINSTANCE不存在，请检查]","[VPNINSTANCE] value is [{0}],Failed to pass the check,desc:[ADD_POOL.VPNINSTANCE quoting ADD_VPNINST.VPNINSTANCE not exist，Please check]","命令自动生效参数[VPNINSTANCE]的默认值为[{0}],核查不通过,提示:[ADD_POOL.VPNINSTANCE 引用的ADD_VPNINST.VPNINSTANCE不存在，请检查]","Command auto-execution parameters[VPNINSTANCE] default value is [{0}],Failed to pass the check,desc:[ADD_POOL.VPNINSTANCE quoting ADD_VPNINST.VPNINSTANCE not exist，Please check]",UDG:ADD_POOL.HASVPN,,ENABLE,1,0,,,,,,,
452,UDG,20.15.2,xieqiuhong,已验证,BWMSERVICE,CATEPROPNAME,ADD BWMSERVICE,UDG:ADD_BWMSERVICE,UDG:ADD_BWMSERVICE.CATEPROPNAME,UDG:ADD_CATEGORYPROP.CATEPROPNAME,0,"ADD_BWMSERVICE.CATEPROPNAME != null && ""CATEGORY_PROP"".equalsIgnoreCase(ADD_BWMSERVICE.NONTOSSRVTYPE)",ADD_BWMSERVICE.CATEPROPNAME.equalsIgnoreCase(ADD_CATEGORYPROP.CATEPROPNAME),"[CATEPROPNAME]的值为[{0}],核查不通过,提示:[ADD_BWMSERVICE.CATEPROPNAME 引用的ADD_CATEGORYPROP.CATEPROPNAME不存在，请检查]","[CATEPROPNAME] value is [{0}],Failed to pass the check,desc:[ADD_BWMSERVICE.CATEPROPNAME quoting ADD_CATEGORYPROP.CATEPROPNAME not exist，Please check]","命令自动生效参数[CATEPROPNAME]的默认值为[{0}],核查不通过,提示:[ADD_BWMSERVICE.CATEPROPNAME 引用的ADD_CATEGORYPROP.CATEPROPNAME不存在，请检查]","Command auto-execution parameters[CATEPROPNAME] default value is [{0}],Failed to pass the check,desc:[ADD_BWMSERVICE.CATEPROPNAME quoting ADD_CATEGORYPROP.CATEPROPNAME not exist，Please check]",UDG:ADD_BWMSERVICE.NONTOSSRVTYPE,,CATEGORY_PROP,1,0,,,,,,,
453,UDG,20.15.2,xieqiuhong,已验证,APNTETHERDETSW,APN,SET APNTETHERDETSW,UDG:SET_APNTETHERDETSW,UDG:SET_APNTETHERDETSW.APN,UDG:ADD_APN.APN,0,SET_APNTETHERDETSW.APN != null,SET_APNTETHERDETSW.APN.equalsIgnoreCase(ADD_APN.APN),"[APN]的值为[{0}],核查不通过,提示:[SET_APNTETHERDETSW.APN 引用的ADD_APN.APN不存在，请检查]","[APN] value is [{0}],Failed to pass the check,desc:[SET_APNTETHERDETSW.APN quoting ADD_APN.APN not exist，Please check]","命令自动生效参数[APN]的默认值为[{0}],核查不通过,提示:[SET_APNTETHERDETSW.APN 引用的ADD_APN.APN不存在，请检查]","Command auto-execution parameters[APN] default value is [{0}],Failed to pass the check,desc:[SET_APNTETHERDETSW.APN quoting ADD_APN.APN not exist，Please check]",nan,,nan,0,1,,0830张旦东 NAN对应M列公式化,,,,,
454,UDG,20.15.2,xieqiuhong,已验证,BWMRULE,BWMSERVICENAME,ADD BWMRULE,UDG:ADD_BWMRULE,UDG:ADD_BWMRULE.BWMSERVICENAME,UDG:ADD_BWMSERVICE.BWMSERVICENAME,0,ADD_BWMRULE.BWMSERVICENAME != null,ADD_BWMRULE.BWMSERVICENAME.equalsIgnoreCase(ADD_BWMSERVICE.BWMSERVICENAME),"[BWMSERVICENAME]的值为[{0}],核查不通过,提示:[ADD_BWMRULE.BWMSERVICENAME 引用的ADD_BWMSERVICE.BWMSERVICENAME不存在，请检查]","[BWMSERVICENAME] value is [{0}],Failed to pass the check,desc:[ADD_BWMRULE.BWMSERVICENAME quoting ADD_BWMSERVICE.BWMSERVICENAME not exist，Please check]","命令自动生效参数[BWMSERVICENAME]的默认值为[{0}],核查不通过,提示:[ADD_BWMRULE.BWMSERVICENAME 引用的ADD_BWMSERVICE.BWMSERVICENAME不存在，请检查]","Command auto-execution parameters[BWMSERVICENAME] default value is [{0}],Failed to pass the check,desc:[ADD_BWMRULE.BWMSERVICENAME quoting ADD_BWMSERVICE.BWMSERVICENAME not exist，Please check]",,,,1,0,,,,,,,
455,UDG,20.15.2,xieqiuhong,已验证,BWMRULE,DNBWMCTRLNAME1,ADD BWMRULE,UDG:ADD_BWMRULE,UDG:ADD_BWMRULE.DNBWMCTRLNAME1,UDG:ADD_BWMCONTROLLER.BWMCNAME,1,ADD_BWMRULE.DNBWMCTRLNAME1 != null,ADD_BWMRULE.DNBWMCTRLNAME1.equalsIgnoreCase(ADD_BWMCONTROLLER.BWMCNAME),"[DNBWMCTRLNAME1]的值为[{0}],核查不通过,提示:[ADD_BWMRULE.DNBWMCTRLNAME1 引用的ADD_BWMCONTROLLER.BWMCNAME不存在，请检查]","[DNBWMCTRLNAME1] value is [{0}],Failed to pass the check,desc:[ADD_BWMRULE.DNBWMCTRLNAME1 quoting ADD_BWMCONTROLLER.BWMCNAME not exist，Please check]","命令自动生效参数[DNBWMCTRLNAME1]的默认值为[{0}],核查不通过,提示:[ADD_BWMRULE.DNBWMCTRLNAME1 引用的ADD_BWMCONTROLLER.BWMCNAME不存在，请检查]","Command auto-execution parameters[DNBWMCTRLNAME1] default value is [{0}],Failed to pass the check,desc:[ADD_BWMRULE.DNBWMCTRLNAME1 quoting ADD_BWMCONTROLLER.BWMCNAME not exist，Please check]",nan,,nan,1,0,,0830张旦东 NAN对应M列公式化,,,,,
456,UDG,20.15.2,xieqiuhong,已验证,BWMRULE,DNBWMCTRLNAME2,ADD BWMRULE,UDG:ADD_BWMRULE,UDG:ADD_BWMRULE.DNBWMCTRLNAME2,UDG:ADD_BWMCONTROLLER.BWMCNAME,1,ADD_BWMRULE.DNBWMCTRLNAME2 != null,ADD_BWMRULE.DNBWMCTRLNAME2.equalsIgnoreCase(ADD_BWMCONTROLLER.BWMCNAME),"[DNBWMCTRLNAME2]的值为[{0}],核查不通过,提示:[ADD_BWMRULE.DNBWMCTRLNAME2 引用的ADD_BWMCONTROLLER.BWMCNAME不存在，请检查]","[DNBWMCTRLNAME2] value is [{0}],Failed to pass the check,desc:[ADD_BWMRULE.DNBWMCTRLNAME2 quoting ADD_BWMCONTROLLER.BWMCNAME not exist，Please check]","命令自动生效参数[DNBWMCTRLNAME2]的默认值为[{0}],核查不通过,提示:[ADD_BWMRULE.DNBWMCTRLNAME2 引用的ADD_BWMCONTROLLER.BWMCNAME不存在，请检查]","Command auto-execution parameters[DNBWMCTRLNAME2] default value is [{0}],Failed to pass the check,desc:[ADD_BWMRULE.DNBWMCTRLNAME2 quoting ADD_BWMCONTROLLER.BWMCNAME not exist，Please check]",nan,,nan,1,0,,0830张旦东 NAN对应M列公式化,,,,,
457,UDG,20.15.2,xieqiuhong,已验证,BWMRULE,DNBWMCTRLNAME3,ADD BWMRULE,UDG:ADD_BWMRULE,UDG:ADD_BWMRULE.DNBWMCTRLNAME3,UDG:ADD_BWMCONTROLLER.BWMCNAME,1,ADD_BWMRULE.DNBWMCTRLNAME3 != null,ADD_BWMRULE.DNBWMCTRLNAME3.equalsIgnoreCase(ADD_BWMCONTROLLER.BWMCNAME),"[DNBWMCTRLNAME3]的值为[{0}],核查不通过,提示:[ADD_BWMRULE.DNBWMCTRLNAME3 引用的ADD_BWMCONTROLLER.BWMCNAME不存在，请检查]","[DNBWMCTRLNAME3] value is [{0}],Failed to pass the check,desc:[ADD_BWMRULE.DNBWMCTRLNAME3 quoting ADD_BWMCONTROLLER.BWMCNAME not exist，Please check]","命令自动生效参数[DNBWMCTRLNAME3]的默认值为[{0}],核查不通过,提示:[ADD_BWMRULE.DNBWMCTRLNAME3 引用的ADD_BWMCONTROLLER.BWMCNAME不存在，请检查]","Command auto-execution parameters[DNBWMCTRLNAME3] default value is [{0}],Failed to pass the check,desc:[ADD_BWMRULE.DNBWMCTRLNAME3 quoting ADD_BWMCONTROLLER.BWMCNAME not exist，Please check]",nan,,nan,1,0,,0830张旦东 NAN对应M列公式化,,,,,
458,UDG,20.15.2,xieqiuhong,已验证,BWMRULE,DNBWMCTRLNAME4,ADD BWMRULE,UDG:ADD_BWMRULE,UDG:ADD_BWMRULE.DNBWMCTRLNAME4,UDG:ADD_BWMCONTROLLER.BWMCNAME,1,ADD_BWMRULE.DNBWMCTRLNAME4 != null,ADD_BWMRULE.DNBWMCTRLNAME4.equalsIgnoreCase(ADD_BWMCONTROLLER.BWMCNAME),"[DNBWMCTRLNAME4]的值为[{0}],核查不通过,提示:[ADD_BWMRULE.DNBWMCTRLNAME4 引用的ADD_BWMCONTROLLER.BWMCNAME不存在，请检查]","[DNBWMCTRLNAME4] value is [{0}],Failed to pass the check,desc:[ADD_BWMRULE.DNBWMCTRLNAME4 quoting ADD_BWMCONTROLLER.BWMCNAME not exist，Please check]","命令自动生效参数[DNBWMCTRLNAME4]的默认值为[{0}],核查不通过,提示:[ADD_BWMRULE.DNBWMCTRLNAME4 引用的ADD_BWMCONTROLLER.BWMCNAME不存在，请检查]","Command auto-execution parameters[DNBWMCTRLNAME4] default value is [{0}],Failed to pass the check,desc:[ADD_BWMRULE.DNBWMCTRLNAME4 quoting ADD_BWMCONTROLLER.BWMCNAME not exist，Please check]",nan,,nan,1,0,,0830张旦东 NAN对应M列公式化,,,,,
459,UDG,20.15.2,xieqiuhong,已验证,BWMRULE,UPBWMCTRLNAME1,ADD BWMRULE,UDG:ADD_BWMRULE,UDG:ADD_BWMRULE.UPBWMCTRLNAME1,UDG:ADD_BWMCONTROLLER.BWMCNAME,1,ADD_BWMRULE.UPBWMCTRLNAME1 != null,ADD_BWMRULE.UPBWMCTRLNAME1.equalsIgnoreCase(ADD_BWMCONTROLLER.BWMCNAME),"[UPBWMCTRLNAME1]的值为[{0}],核查不通过,提示:[ADD_BWMRULE.UPBWMCTRLNAME1 引用的ADD_BWMCONTROLLER.BWMCNAME不存在，请检查]","[UPBWMCTRLNAME1] value is [{0}],Failed to pass the check,desc:[ADD_BWMRULE.UPBWMCTRLNAME1 quoting ADD_BWMCONTROLLER.BWMCNAME not exist，Please check]","命令自动生效参数[UPBWMCTRLNAME1]的默认值为[{0}],核查不通过,提示:[ADD_BWMRULE.UPBWMCTRLNAME1 引用的ADD_BWMCONTROLLER.BWMCNAME不存在，请检查]","Command auto-execution parameters[UPBWMCTRLNAME1] default value is [{0}],Failed to pass the check,desc:[ADD_BWMRULE.UPBWMCTRLNAME1 quoting ADD_BWMCONTROLLER.BWMCNAME not exist，Please check]",nan,,nan,1,0,,0830张旦东 NAN对应M列公式化,,,,,
460,UDG,20.15.2,xieqiuhong,已验证,BWMRULE,UPBWMCTRLNAME2,ADD BWMRULE,UDG:ADD_BWMRULE,UDG:ADD_BWMRULE.UPBWMCTRLNAME2,UDG:ADD_BWMCONTROLLER.BWMCNAME,1,ADD_BWMRULE.UPBWMCTRLNAME2 != null,ADD_BWMRULE.UPBWMCTRLNAME2.equalsIgnoreCase(ADD_BWMCONTROLLER.BWMCNAME),"[UPBWMCTRLNAME2]的值为[{0}],核查不通过,提示:[ADD_BWMRULE.UPBWMCTRLNAME2 引用的ADD_BWMCONTROLLER.BWMCNAME不存在，请检查]","[UPBWMCTRLNAME2] value is [{0}],Failed to pass the check,desc:[ADD_BWMRULE.UPBWMCTRLNAME2 quoting ADD_BWMCONTROLLER.BWMCNAME not exist，Please check]","命令自动生效参数[UPBWMCTRLNAME2]的默认值为[{0}],核查不通过,提示:[ADD_BWMRULE.UPBWMCTRLNAME2 引用的ADD_BWMCONTROLLER.BWMCNAME不存在，请检查]","Command auto-execution parameters[UPBWMCTRLNAME2] default value is [{0}],Failed to pass the check,desc:[ADD_BWMRULE.UPBWMCTRLNAME2 quoting ADD_BWMCONTROLLER.BWMCNAME not exist，Please check]",nan,,nan,1,0,,0830张旦东 NAN对应M列公式化,,,,,
461,UDG,20.15.2,xieqiuhong,已验证,BWMRULE,UPBWMCTRLNAME3,ADD BWMRULE,UDG:ADD_BWMRULE,UDG:ADD_BWMRULE.UPBWMCTRLNAME3,UDG:ADD_BWMCONTROLLER.BWMCNAME,1,ADD_BWMRULE.UPBWMCTRLNAME3 != null,ADD_BWMRULE.UPBWMCTRLNAME3.equalsIgnoreCase(ADD_BWMCONTROLLER.BWMCNAME),"[UPBWMCTRLNAME3]的值为[{0}],核查不通过,提示:[ADD_BWMRULE.UPBWMCTRLNAME3 引用的ADD_BWMCONTROLLER.BWMCNAME不存在，请检查]","[UPBWMCTRLNAME3] value is [{0}],Failed to pass the check,desc:[ADD_BWMRULE.UPBWMCTRLNAME3 quoting ADD_BWMCONTROLLER.BWMCNAME not exist，Please check]","命令自动生效参数[UPBWMCTRLNAME3]的默认值为[{0}],核查不通过,提示:[ADD_BWMRULE.UPBWMCTRLNAME3 引用的ADD_BWMCONTROLLER.BWMCNAME不存在，请检查]","Command auto-execution parameters[UPBWMCTRLNAME3] default value is [{0}],Failed to pass the check,desc:[ADD_BWMRULE.UPBWMCTRLNAME3 quoting ADD_BWMCONTROLLER.BWMCNAME not exist，Please check]",nan,,nan,1,0,,0830张旦东 NAN对应M列公式化,,,,,
462,UDG,20.15.2,xieqiuhong,已验证,BWMRULE,UPBWMCTRLNAME4,ADD BWMRULE,UDG:ADD_BWMRULE,UDG:ADD_BWMRULE.UPBWMCTRLNAME4,UDG:ADD_BWMCONTROLLER.BWMCNAME,1,ADD_BWMRULE.UPBWMCTRLNAME4 != null,ADD_BWMRULE.UPBWMCTRLNAME4.equalsIgnoreCase(ADD_BWMCONTROLLER.BWMCNAME),"[UPBWMCTRLNAME4]的值为[{0}],核查不通过,提示:[ADD_BWMRULE.UPBWMCTRLNAME4 引用的ADD_BWMCONTROLLER.BWMCNAME不存在，请检查]","[UPBWMCTRLNAME4] value is [{0}],Failed to pass the check,desc:[ADD_BWMRULE.UPBWMCTRLNAME4 quoting ADD_BWMCONTROLLER.BWMCNAME not exist，Please check]","命令自动生效参数[UPBWMCTRLNAME4]的默认值为[{0}],核查不通过,提示:[ADD_BWMRULE.UPBWMCTRLNAME4 引用的ADD_BWMCONTROLLER.BWMCNAME不存在，请检查]","Command auto-execution parameters[UPBWMCTRLNAME4] default value is [{0}],Failed to pass the check,desc:[ADD_BWMRULE.UPBWMCTRLNAME4 quoting ADD_BWMCONTROLLER.BWMCNAME not exist，Please check]",nan,,nan,1,0,,0830张旦东 NAN对应M列公式化,,,,,
463,UDG,20.15.2,xieqiuhong,已验证,BWMRULE,USERGROUPNAME,ADD BWMRULE,UDG:ADD_BWMRULE,UDG:ADD_BWMRULE.USERGROUPNAME,UDG:ADD_BWMUSERGROUP.USERGROUPNAME,0,"ADD_BWMRULE.USERGROUPNAME != null && ""SPECIFIC_GROUP"".equalsIgnoreCase(ADD_BWMRULE.USERGROUPTYPE)",ADD_BWMRULE.USERGROUPNAME.equalsIgnoreCase(ADD_BWMUSERGROUP.USERGROUPNAME),"[USERGROUPNAME]的值为[{0}],核查不通过,提示:[ADD_BWMRULE.USERGROUPNAME 引用的ADD_BWMUSERGROUP.USERGROUPNAME不存在，请检查]","[USERGROUPNAME] value is [{0}],Failed to pass the check,desc:[ADD_BWMRULE.USERGROUPNAME quoting ADD_BWMUSERGROUP.USERGROUPNAME not exist，Please check]","命令自动生效参数[USERGROUPNAME]的默认值为[{0}],核查不通过,提示:[ADD_BWMRULE.USERGROUPNAME 引用的ADD_BWMUSERGROUP.USERGROUPNAME不存在，请检查]","Command auto-execution parameters[USERGROUPNAME] default value is [{0}],Failed to pass the check,desc:[ADD_BWMRULE.USERGROUPNAME quoting ADD_BWMUSERGROUP.USERGROUPNAME not exist，Please check]",UDG:ADD_BWMRULE.USERGROUPTYPE,,SPECIFIC_GROUP,1,0,,,,,,,
464,UDG,20.15.2,xieqiuhong,已验证,BWMRULE,TIMERANGENAME1,ADD BWMRULE,UDG:ADD_BWMRULE,UDG:ADD_BWMRULE.TIMERANGENAME1,UDG:ADD_TIMERANGE.TIMERANGENAME,1,ADD_BWMRULE.TIMERANGENAME1 != null,ADD_BWMRULE.TIMERANGENAME1.equalsIgnoreCase(ADD_TIMERANGE.TIMERANGENAME),"[TIMERANGENAME1]的值为[{0}],核查不通过,提示:[ADD_BWMRULE.TIMERANGENAME1 引用的ADD_TIMERANGE.TIMERANGENAME不存在，请检查]","[TIMERANGENAME1] value is [{0}],Failed to pass the check,desc:[ADD_BWMRULE.TIMERANGENAME1 quoting ADD_TIMERANGE.TIMERANGENAME not exist，Please check]","命令自动生效参数[TIMERANGENAME1]的默认值为[{0}],核查不通过,提示:[ADD_BWMRULE.TIMERANGENAME1 引用的ADD_TIMERANGE.TIMERANGENAME不存在，请检查]","Command auto-execution parameters[TIMERANGENAME1] default value is [{0}],Failed to pass the check,desc:[ADD_BWMRULE.TIMERANGENAME1 quoting ADD_TIMERANGE.TIMERANGENAME not exist，Please check]",nan,,nan,1,0,,0830张旦东 NAN对应M列公式化,,,,,
465,UDG,20.15.2,xieqiuhong,已验证,BWMRULE,TIMERANGENAME2,ADD BWMRULE,UDG:ADD_BWMRULE,UDG:ADD_BWMRULE.TIMERANGENAME2,UDG:ADD_TIMERANGE.TIMERANGENAME,1,ADD_BWMRULE.TIMERANGENAME2 != null,ADD_BWMRULE.TIMERANGENAME2.equalsIgnoreCase(ADD_TIMERANGE.TIMERANGENAME),"[TIMERANGENAME2]的值为[{0}],核查不通过,提示:[ADD_BWMRULE.TIMERANGENAME2 引用的ADD_TIMERANGE.TIMERANGENAME不存在，请检查]","[TIMERANGENAME2] value is [{0}],Failed to pass the check,desc:[ADD_BWMRULE.TIMERANGENAME2 quoting ADD_TIMERANGE.TIMERANGENAME not exist，Please check]","命令自动生效参数[TIMERANGENAME2]的默认值为[{0}],核查不通过,提示:[ADD_BWMRULE.TIMERANGENAME2 引用的ADD_TIMERANGE.TIMERANGENAME不存在，请检查]","Command auto-execution parameters[TIMERANGENAME2] default value is [{0}],Failed to pass the check,desc:[ADD_BWMRULE.TIMERANGENAME2 quoting ADD_TIMERANGE.TIMERANGENAME not exist，Please check]",nan,,nan,1,0,,0830张旦东 NAN对应M列公式化,,,,,
466,UDG,20.15.2,xieqiuhong,已验证,BWMRULE,TIMERANGENAME3,ADD BWMRULE,UDG:ADD_BWMRULE,UDG:ADD_BWMRULE.TIMERANGENAME3,UDG:ADD_TIMERANGE.TIMERANGENAME,1,ADD_BWMRULE.TIMERANGENAME3 != null,ADD_BWMRULE.TIMERANGENAME3.equalsIgnoreCase(ADD_TIMERANGE.TIMERANGENAME),"[TIMERANGENAME3]的值为[{0}],核查不通过,提示:[ADD_BWMRULE.TIMERANGENAME3 引用的ADD_TIMERANGE.TIMERANGENAME不存在，请检查]","[TIMERANGENAME3] value is [{0}],Failed to pass the check,desc:[ADD_BWMRULE.TIMERANGENAME3 quoting ADD_TIMERANGE.TIMERANGENAME not exist，Please check]","命令自动生效参数[TIMERANGENAME3]的默认值为[{0}],核查不通过,提示:[ADD_BWMRULE.TIMERANGENAME3 引用的ADD_TIMERANGE.TIMERANGENAME不存在，请检查]","Command auto-execution parameters[TIMERANGENAME3] default value is [{0}],Failed to pass the check,desc:[ADD_BWMRULE.TIMERANGENAME3 quoting ADD_TIMERANGE.TIMERANGENAME not exist，Please check]",nan,,nan,1,0,,0830张旦东 NAN对应M列公式化,,,,,
467,UDG,20.15.2,xieqiuhong,已验证,BWMRULE,TIMERANGENAME4,ADD BWMRULE,UDG:ADD_BWMRULE,UDG:ADD_BWMRULE.TIMERANGENAME4,UDG:ADD_TIMERANGE.TIMERANGENAME,1,ADD_BWMRULE.TIMERANGENAME4 != null,ADD_BWMRULE.TIMERANGENAME4.equalsIgnoreCase(ADD_TIMERANGE.TIMERANGENAME),"[TIMERANGENAME4]的值为[{0}],核查不通过,提示:[ADD_BWMRULE.TIMERANGENAME4 引用的ADD_TIMERANGE.TIMERANGENAME不存在，请检查]","[TIMERANGENAME4] value is [{0}],Failed to pass the check,desc:[ADD_BWMRULE.TIMERANGENAME4 quoting ADD_TIMERANGE.TIMERANGENAME not exist，Please check]","命令自动生效参数[TIMERANGENAME4]的默认值为[{0}],核查不通过,提示:[ADD_BWMRULE.TIMERANGENAME4 引用的ADD_TIMERANGE.TIMERANGENAME不存在，请检查]","Command auto-execution parameters[TIMERANGENAME4] default value is [{0}],Failed to pass the check,desc:[ADD_BWMRULE.TIMERANGENAME4 quoting ADD_TIMERANGE.TIMERANGENAME not exist，Please check]",nan,,nan,1,0,,0830张旦东 NAN对应M列公式化,,,,,
469,UDG,20.15.2,xieqiuhong,已验证,APNIMSATTR,APN,SET APNIMSATTR,UDG:SET_APNIMSATTR,UDG:SET_APNIMSATTR.APN,UDG:ADD_APN.APN,0,SET_APNIMSATTR.APN != null,SET_APNIMSATTR.APN.equalsIgnoreCase(ADD_APN.APN),"[APN]的值为[{0}],核查不通过,提示:[SET_APNIMSATTR.APN 引用的ADD_APN.APN不存在，请检查]","[APN] value is [{0}],Failed to pass the check,desc:[SET_APNIMSATTR.APN quoting ADD_APN.APN not exist，Please check]","命令自动生效参数[APN]的默认值为[{0}],核查不通过,提示:[SET_APNIMSATTR.APN 引用的ADD_APN.APN不存在，请检查]","Command auto-execution parameters[APN] default value is [{0}],Failed to pass the check,desc:[SET_APNIMSATTR.APN quoting ADD_APN.APN not exist，Please check]",nan,,nan,0,1,,0830张旦东 NAN对应M列公式化,,,,,
470,UDG,20.15.2,xieqiuhong,已验证,DNSOVERWRITING,BINDERRCODENAME,ADD DNSOVERWRITING,UDG:ADD_DNSOVERWRITING,UDG:ADD_DNSOVERWRITING.BINDERRCODENAME,UDG:ADD_ERRORCODE.ERRORCODENAME,1,ADD_DNSOVERWRITING.BINDERRCODENAME != null,ADD_DNSOVERWRITING.BINDERRCODENAME.equalsIgnoreCase(ADD_ERRORCODE.ERRORCODENAME),"[BINDERRCODENAME]的值为[{0}],核查不通过,提示:[ADD_DNSOVERWRITING.BINDERRCODENAME 引用的ADD_ERRORCODE.ERRORCODENAME不存在，请检查]","[BINDERRCODENAME] value is [{0}],Failed to pass the check,desc:[ADD_DNSOVERWRITING.BINDERRCODENAME quoting ADD_ERRORCODE.ERRORCODENAME not exist，Please check]","命令自动生效参数[BINDERRCODENAME]的默认值为[{0}],核查不通过,提示:[ADD_DNSOVERWRITING.BINDERRCODENAME 引用的ADD_ERRORCODE.ERRORCODENAME不存在，请检查]","Command auto-execution parameters[BINDERRCODENAME] default value is [{0}],Failed to pass the check,desc:[ADD_DNSOVERWRITING.BINDERRCODENAME quoting ADD_ERRORCODE.ERRORCODENAME not exist，Please check]",nan,,nan,0,1,,0830张旦东 NAN对应M列公式化,,,,,
471,UDG,20.15.2,xieqiuhong,已验证,DNSOVERWRITING,EXTFLTNAME1,ADD DNSOVERWRITING,UDG:ADD_DNSOVERWRITING,UDG:ADD_DNSOVERWRITING.EXTFLTNAME1,UDG:ADD_EXTENDEDFILTER.EXTFLTNAME,1,"ADD_DNSOVERWRITING.EXTFLTNAME1 != null && !""2503"".equalsIgnoreCase(SET_SOFTPARA.BITNUM)",ADD_DNSOVERWRITING.EXTFLTNAME1.equalsIgnoreCase(ADD_EXTENDEDFILTER.EXTFLTNAME),"[EXTFLTNAME1]的值为[{0}],核查不通过,提示:[ADD_DNSOVERWRITING.EXTFLTNAME1 引用的ADD_EXTENDEDFILTER.EXTFLTNAME不存在，请检查]","[EXTFLTNAME1] value is [{0}],Failed to pass the check,desc:[ADD_DNSOVERWRITING.EXTFLTNAME1 quoting ADD_EXTENDEDFILTER.EXTFLTNAME not exist，Please check]","命令自动生效参数[EXTFLTNAME1]的默认值为[{0}],核查不通过,提示:[ADD_DNSOVERWRITING.EXTFLTNAME1 引用的ADD_EXTENDEDFILTER.EXTFLTNAME不存在，请检查]","Command auto-execution parameters[EXTFLTNAME1] default value is [{0}],Failed to pass the check,desc:[ADD_DNSOVERWRITING.EXTFLTNAME1 quoting ADD_EXTENDEDFILTER.EXTFLTNAME not exist，Please check]",UDG:SET_SOFTPARA.BITNUM,不等于,2503,1,0,,0830张旦东 重新匹配M列,,,,,
472,UDG,20.15.2,xieqiuhong,已验证,DNSOVERWRITING,EXTFLTNAME2,ADD DNSOVERWRITING,UDG:ADD_DNSOVERWRITING,UDG:ADD_DNSOVERWRITING.EXTFLTNAME2,UDG:ADD_EXTENDEDFILTER.EXTFLTNAME,1,"ADD_DNSOVERWRITING.EXTFLTNAME2 != null && !""2503"".equalsIgnoreCase(SET_SOFTPARA.BITNUM)",ADD_DNSOVERWRITING.EXTFLTNAME2.equalsIgnoreCase(ADD_EXTENDEDFILTER.EXTFLTNAME),"[EXTFLTNAME2]的值为[{0}],核查不通过,提示:[ADD_DNSOVERWRITING.EXTFLTNAME2 引用的ADD_EXTENDEDFILTER.EXTFLTNAME不存在，请检查]","[EXTFLTNAME2] value is [{0}],Failed to pass the check,desc:[ADD_DNSOVERWRITING.EXTFLTNAME2 quoting ADD_EXTENDEDFILTER.EXTFLTNAME not exist，Please check]","命令自动生效参数[EXTFLTNAME2]的默认值为[{0}],核查不通过,提示:[ADD_DNSOVERWRITING.EXTFLTNAME2 引用的ADD_EXTENDEDFILTER.EXTFLTNAME不存在，请检查]","Command auto-execution parameters[EXTFLTNAME2] default value is [{0}],Failed to pass the check,desc:[ADD_DNSOVERWRITING.EXTFLTNAME2 quoting ADD_EXTENDEDFILTER.EXTFLTNAME not exist，Please check]",UDG:SET_SOFTPARA.BITNUM,不等于,2503,1,0,,0830张旦东 重新匹配M列,,,,,
473,UDG,20.15.2,xieqiuhong,已验证,DNSOVERWRITING,EXTFLTNAME3,ADD DNSOVERWRITING,UDG:ADD_DNSOVERWRITING,UDG:ADD_DNSOVERWRITING.EXTFLTNAME3,UDG:ADD_EXTENDEDFILTER.EXTFLTNAME,1,"ADD_DNSOVERWRITING.EXTFLTNAME3 != null && !""2503"".equalsIgnoreCase(SET_SOFTPARA.BITNUM)",ADD_DNSOVERWRITING.EXTFLTNAME3.equalsIgnoreCase(ADD_EXTENDEDFILTER.EXTFLTNAME),"[EXTFLTNAME3]的值为[{0}],核查不通过,提示:[ADD_DNSOVERWRITING.EXTFLTNAME3 引用的ADD_EXTENDEDFILTER.EXTFLTNAME不存在，请检查]","[EXTFLTNAME3] value is [{0}],Failed to pass the check,desc:[ADD_DNSOVERWRITING.EXTFLTNAME3 quoting ADD_EXTENDEDFILTER.EXTFLTNAME not exist，Please check]","命令自动生效参数[EXTFLTNAME3]的默认值为[{0}],核查不通过,提示:[ADD_DNSOVERWRITING.EXTFLTNAME3 引用的ADD_EXTENDEDFILTER.EXTFLTNAME不存在，请检查]","Command auto-execution parameters[EXTFLTNAME3] default value is [{0}],Failed to pass the check,desc:[ADD_DNSOVERWRITING.EXTFLTNAME3 quoting ADD_EXTENDEDFILTER.EXTFLTNAME not exist，Please check]",UDG:SET_SOFTPARA.BITNUM,不等于,2503,1,0,,0830张旦东 重新匹配M列,,,,,
474,UDG,20.15.2,xieqiuhong,已验证,DNSOVERWRITING,EXTFLTNAME4,ADD DNSOVERWRITING,UDG:ADD_DNSOVERWRITING,UDG:ADD_DNSOVERWRITING.EXTFLTNAME4,UDG:ADD_EXTENDEDFILTER.EXTFLTNAME,1,"ADD_DNSOVERWRITING.EXTFLTNAME4 != null && !""2503"".equalsIgnoreCase(SET_SOFTPARA.BITNUM)",ADD_DNSOVERWRITING.EXTFLTNAME4.equalsIgnoreCase(ADD_EXTENDEDFILTER.EXTFLTNAME),"[EXTFLTNAME4]的值为[{0}],核查不通过,提示:[ADD_DNSOVERWRITING.EXTFLTNAME4 引用的ADD_EXTENDEDFILTER.EXTFLTNAME不存在，请检查]","[EXTFLTNAME4] value is [{0}],Failed to pass the check,desc:[ADD_DNSOVERWRITING.EXTFLTNAME4 quoting ADD_EXTENDEDFILTER.EXTFLTNAME not exist，Please check]","命令自动生效参数[EXTFLTNAME4]的默认值为[{0}],核查不通过,提示:[ADD_DNSOVERWRITING.EXTFLTNAME4 引用的ADD_EXTENDEDFILTER.EXTFLTNAME不存在，请检查]","Command auto-execution parameters[EXTFLTNAME4] default value is [{0}],Failed to pass the check,desc:[ADD_DNSOVERWRITING.EXTFLTNAME4 quoting ADD_EXTENDEDFILTER.EXTFLTNAME not exist，Please check]",UDG:SET_SOFTPARA.BITNUM,不等于,2503,1,0,,0830张旦东 重新匹配M列,,,,,
475,UDG,20.15.2,xieqiuhong,已验证,DNSOVERWRITING,EXTFLTNAME5,ADD DNSOVERWRITING,UDG:ADD_DNSOVERWRITING,UDG:ADD_DNSOVERWRITING.EXTFLTNAME5,UDG:ADD_EXTENDEDFILTER.EXTFLTNAME,1,"ADD_DNSOVERWRITING.EXTFLTNAME5 != null && !""2503"".equalsIgnoreCase(SET_SOFTPARA.BITNUM)",ADD_DNSOVERWRITING.EXTFLTNAME5.equalsIgnoreCase(ADD_EXTENDEDFILTER.EXTFLTNAME),"[EXTFLTNAME5]的值为[{0}],核查不通过,提示:[ADD_DNSOVERWRITING.EXTFLTNAME5 引用的ADD_EXTENDEDFILTER.EXTFLTNAME不存在，请检查]","[EXTFLTNAME5] value is [{0}],Failed to pass the check,desc:[ADD_DNSOVERWRITING.EXTFLTNAME5 quoting ADD_EXTENDEDFILTER.EXTFLTNAME not exist，Please check]","命令自动生效参数[EXTFLTNAME5]的默认值为[{0}],核查不通过,提示:[ADD_DNSOVERWRITING.EXTFLTNAME5 引用的ADD_EXTENDEDFILTER.EXTFLTNAME不存在，请检查]","Command auto-execution parameters[EXTFLTNAME5] default value is [{0}],Failed to pass the check,desc:[ADD_DNSOVERWRITING.EXTFLTNAME5 quoting ADD_EXTENDEDFILTER.EXTFLTNAME not exist，Please check]",UDG:SET_SOFTPARA.BITNUM,不等于,2503,1,0,,0830张旦东 重新匹配M列,,,,,
477,UDG,20.15.2,xieqiuhong,已验证,VPNINSTAF,VRFNAME,ADD VPNINSTAF,UDG:ADD_VPNINSTAF,UDG:ADD_VPNINSTAF.VRFNAME,UDG:ADD_L3VPNINST.VRFNAME,0,"ADD_VPNINSTAF.VRFNAME != null && !""_public_"".equalsIgnoreCase(ADD_VPNINSTAF.VRFNAME)",ADD_VPNINSTAF.VRFNAME.equalsIgnoreCase(ADD_L3VPNINST.VRFNAME),"[VRFNAME]的值为[{0}],核查不通过,提示:[ADD_VPNINSTAF.VRFNAME 引用的ADD_L3VPNINST.VRFNAME不存在，请检查]","[VRFNAME] value is [{0}],Failed to pass the check,desc:[ADD_VPNINSTAF.VRFNAME quoting ADD_L3VPNINST.VRFNAME not exist，Please check]","命令自动生效参数[VRFNAME]的默认值为[{0}],核查不通过,提示:[ADD_VPNINSTAF.VRFNAME 引用的ADD_L3VPNINST.VRFNAME不存在，请检查]","Command auto-execution parameters[VRFNAME] default value is [{0}],Failed to pass the check,desc:[ADD_VPNINSTAF.VRFNAME quoting ADD_L3VPNINST.VRFNAME not exist，Please check]",UDG:ADD_VPNINSTAF.VRFNAME,不等于,_public_,1,0,,,,,,,
478,UDG,20.15.2,xieqiuhong,已验证,VPNINSTAF,VRFNAME,MOD VPNINSTAF,UDG:MOD_VPNINSTAF,UDG:MOD_VPNINSTAF.VRFNAME,UDG:ADD_L3VPNINST.VRFNAME,0,"MOD_VPNINSTAF.VRFNAME != null && !""_public_"".equalsIgnoreCase(MOD_VPNINSTAF.VRFNAME)",MOD_VPNINSTAF.VRFNAME.equalsIgnoreCase(ADD_L3VPNINST.VRFNAME),"[VRFNAME]的值为[{0}],核查不通过,提示:[MOD_VPNINSTAF.VRFNAME 引用的ADD_L3VPNINST.VRFNAME不存在，请检查]","[VRFNAME] value is [{0}],Failed to pass the check,desc:[MOD_VPNINSTAF.VRFNAME quoting ADD_L3VPNINST.VRFNAME not exist，Please check]","命令自动生效参数[VRFNAME]的默认值为[{0}],核查不通过,提示:[MOD_VPNINSTAF.VRFNAME 引用的ADD_L3VPNINST.VRFNAME不存在，请检查]","Command auto-execution parameters[VRFNAME] default value is [{0}],Failed to pass the check,desc:[MOD_VPNINSTAF.VRFNAME quoting ADD_L3VPNINST.VRFNAME not exist，Please check]",UDG:MOD_VPNINSTAF.VRFNAME,不等于,_public_,0,1,,,,,,,
482,UDG,20.15.2,xieqiuhong,已验证,IPBINDVPN,VRFNAME,ADD IPBINDVPN,UDG:ADD_IPBINDVPN,UDG:ADD_IPBINDVPN.VRFNAME,UDG:ADD_L3VPNINST.VRFNAME,1,"ADD_IPBINDVPN.VRFNAME != null && !""_public_"".equalsIgnoreCase(ADD_IPBINDVPN.VRFNAME)",ADD_IPBINDVPN.VRFNAME.equalsIgnoreCase(ADD_L3VPNINST.VRFNAME),"[VRFNAME]的值为[{0}],核查不通过,提示:[ADD_IPBINDVPN.VRFNAME 引用的ADD_L3VPNINST.VRFNAME不存在，请检查]","[VRFNAME] value is [{0}],Failed to pass the check,desc:[ADD_IPBINDVPN.VRFNAME quoting ADD_L3VPNINST.VRFNAME not exist，Please check]","命令自动生效参数[VRFNAME]的默认值为[{0}],核查不通过,提示:[ADD_IPBINDVPN.VRFNAME 引用的ADD_L3VPNINST.VRFNAME不存在，请检查]","Command auto-execution parameters[VRFNAME] default value is [{0}],Failed to pass the check,desc:[ADD_IPBINDVPN.VRFNAME quoting ADD_L3VPNINST.VRFNAME not exist，Please check]",UDG:ADD_IPBINDVPN.VRFNAME,不等于,_public_,0,1,,,,,,,
485,UDG,20.15.2,xieqiuhong,已验证,BFDSESSION,VRFNAME,ADD BFDSESSION,UDG:ADD_BFDSESSION,UDG:ADD_BFDSESSION.VRFNAME,UDG:ADD_L3VPNINST.VRFNAME,1,"ADD_BFDSESSION.VRFNAME != null && !""_public_"".equalsIgnoreCase(ADD_BFDSESSION.VRFNAME)",ADD_BFDSESSION.VRFNAME.equalsIgnoreCase(ADD_L3VPNINST.VRFNAME),"[VRFNAME]的值为[{0}],核查不通过,提示:[ADD_BFDSESSION.VRFNAME 引用的ADD_L3VPNINST.VRFNAME不存在，请检查]","[VRFNAME] value is [{0}],Failed to pass the check,desc:[ADD_BFDSESSION.VRFNAME quoting ADD_L3VPNINST.VRFNAME not exist，Please check]","命令自动生效参数[VRFNAME]的默认值为[{0}],核查不通过,提示:[ADD_BFDSESSION.VRFNAME 引用的ADD_L3VPNINST.VRFNAME不存在，请检查]","Command auto-execution parameters[VRFNAME] default value is [{0}],Failed to pass the check,desc:[ADD_BFDSESSION.VRFNAME quoting ADD_L3VPNINST.VRFNAME not exist，Please check]",UDG:ADD_BFDSESSION.VRFNAME,不等于,_public_,1,0,,,,,,,
486,UDG,20.15.2,xieqiuhong,已验证,BFDSESSION,SRCADDR4,ADD BFDSESSION,UDG:ADD_BFDSESSION,UDG:ADD_BFDSESSION.SRCADDR4,UDG:ADD_IFIPV4ADDRESS.IFIPADDR,1,ADD_BFDSESSION.SRCADDR4 != null,ADD_BFDSESSION.SRCADDR4.equalsIgnoreCase(ADD_IFIPV4ADDRESS.IFIPADDR),"[SRCADDR4]的值为[{0}],核查不通过,提示:[ADD_BFDSESSION.SRCADDR4 引用的ADD_IFIPV4ADDRESS.IFIPADDR不存在，请检查]","[SRCADDR4] value is [{0}],Failed to pass the check,desc:[ADD_BFDSESSION.SRCADDR4 quoting ADD_IFIPV4ADDRESS.IFIPADDR not exist，Please check]","命令自动生效参数[SRCADDR4]的默认值为[{0}],核查不通过,提示:[ADD_BFDSESSION.SRCADDR4 引用的ADD_IFIPV4ADDRESS.IFIPADDR不存在，请检查]","Command auto-execution parameters[SRCADDR4] default value is [{0}],Failed to pass the check,desc:[ADD_BFDSESSION.SRCADDR4 quoting ADD_IFIPV4ADDRESS.IFIPADDR not exist，Please check]",nan,,nan,1,0,,0830张旦东 NAN对应M列公式化,,,,,
487,UDG,20.15.2,xieqiuhong,已验证,BFDSESSION,SRCADDR6,ADD BFDSESSION,UDG:ADD_BFDSESSION,UDG:ADD_BFDSESSION.SRCADDR6,UDG:ADD_IFIPV6ADDRESS.IPV6ADDRESS,1,"ADD_BFDSESSION.SRCADDR6 != null && ""SESS_AUTO"".equalsIgnoreCase(ADD_BFDSESSION.CREATETYPE6)",ADD_BFDSESSION.SRCADDR6.equalsIgnoreCase(ADD_IFIPV6ADDRESS.IPV6ADDRESS),"[SRCADDR6]的值为[{0}],核查不通过,提示:[ADD_BFDSESSION.SRCADDR6 引用的ADD_IFIPV6ADDRESS.IPV6ADDRESS不存在，请检查]","[SRCADDR6] value is [{0}],Failed to pass the check,desc:[ADD_BFDSESSION.SRCADDR6 quoting ADD_IFIPV6ADDRESS.IPV6ADDRESS not exist，Please check]","命令自动生效参数[SRCADDR6]的默认值为[{0}],核查不通过,提示:[ADD_BFDSESSION.SRCADDR6 引用的ADD_IFIPV6ADDRESS.IPV6ADDRESS不存在，请检查]","Command auto-execution parameters[SRCADDR6] default value is [{0}],Failed to pass the check,desc:[ADD_BFDSESSION.SRCADDR6 quoting ADD_IFIPV6ADDRESS.IPV6ADDRESS not exist，Please check]",UDG:ADD_BFDSESSION.CREATETYPE6,,SESS_AUTO,1,0,,,,,,,
490,UDG,20.15.2,xieqiuhong,已验证,SRROUTE,VRFNAME,ADD SRROUTE,UDG:ADD_SRROUTE,UDG:ADD_SRROUTE.VRFNAME,UDG:ADD_L3VPNINST.VRFNAME,1,"ADD_SRROUTE.VRFNAME != null && !""_public_"".equalsIgnoreCase(ADD_SRROUTE.VRFNAME)",ADD_SRROUTE.VRFNAME.equalsIgnoreCase(ADD_L3VPNINST.VRFNAME),"[VRFNAME]的值为[{0}],核查不通过,提示:[ADD_SRROUTE.VRFNAME 引用的ADD_L3VPNINST.VRFNAME不存在，请检查]","[VRFNAME] value is [{0}],Failed to pass the check,desc:[ADD_SRROUTE.VRFNAME quoting ADD_L3VPNINST.VRFNAME not exist，Please check]","命令自动生效参数[VRFNAME]的默认值为[{0}],核查不通过,提示:[ADD_SRROUTE.VRFNAME 引用的ADD_L3VPNINST.VRFNAME不存在，请检查]","Command auto-execution parameters[VRFNAME] default value is [{0}],Failed to pass the check,desc:[ADD_SRROUTE.VRFNAME quoting ADD_L3VPNINST.VRFNAME not exist，Please check]",UDG:ADD_SRROUTE.VRFNAME,不等于,_public_,1,0,,,,,,,
492,UDG,20.15.2,xieqiuhong,已验证,ACLBINDAPN,APN,ADD ACLBINDAPN,UDG:ADD_ACLBINDAPN,UDG:ADD_ACLBINDAPN.APN,UDG:ADD_APN.APN,0,ADD_ACLBINDAPN.APN != null,ADD_ACLBINDAPN.APN.equalsIgnoreCase(ADD_APN.APN),"[APN]的值为[{0}],核查不通过,提示:[ADD_ACLBINDAPN.APN 引用的ADD_APN.APN不存在，请检查]","[APN] value is [{0}],Failed to pass the check,desc:[ADD_ACLBINDAPN.APN quoting ADD_APN.APN not exist，Please check]","命令自动生效参数[APN]的默认值为[{0}],核查不通过,提示:[ADD_ACLBINDAPN.APN 引用的ADD_APN.APN不存在，请检查]","Command auto-execution parameters[APN] default value is [{0}],Failed to pass the check,desc:[ADD_ACLBINDAPN.APN quoting ADD_APN.APN not exist，Please check]",nan,,nan,0,1,,0830张旦东 NAN对应M列公式化,,,,,
493,UDG,20.15.2,xieqiuhong,已验证,OSPFV3INTERFACE,AREAID,ADD OSPFV3INTERFACE,UDG:ADD_OSPFV3INTERFACE,UDG:ADD_OSPFV3INTERFACE.AREAID,UDG:ADD_OSPFV3AREA.AREAID,0,ADD_OSPFV3INTERFACE.AREAID != null,ADD_OSPFV3INTERFACE.AREAID.equalsIgnoreCase(ADD_OSPFV3AREA.AREAID),"[AREAID]的值为[{0}],核查不通过,提示:[ADD_OSPFV3INTERFACE.AREAID 引用的ADD_OSPFV3AREA.AREAID不存在，请检查]","[AREAID] value is [{0}],Failed to pass the check,desc:[ADD_OSPFV3INTERFACE.AREAID quoting ADD_OSPFV3AREA.AREAID not exist，Please check]","命令自动生效参数[AREAID]的默认值为[{0}],核查不通过,提示:[ADD_OSPFV3INTERFACE.AREAID 引用的ADD_OSPFV3AREA.AREAID不存在，请检查]","Command auto-execution parameters[AREAID] default value is [{0}],Failed to pass the check,desc:[ADD_OSPFV3INTERFACE.AREAID quoting ADD_OSPFV3AREA.AREAID not exist，Please check]",nan,,nan,1,0,,0830张旦东 NAN对应M列公式化,,,,,
494,UDG,20.15.2,xieqiuhong,已验证,OSPF,VRFNAME,ADD OSPF,UDG:ADD_OSPF,UDG:ADD_OSPF.VRFNAME,UDG:ADD_L3VPNINST.VRFNAME,1,"ADD_OSPF.VRFNAME != null && !""_public_"".equalsIgnoreCase(ADD_OSPF.VRFNAME)",ADD_OSPF.VRFNAME.equalsIgnoreCase(ADD_L3VPNINST.VRFNAME),"[VRFNAME]的值为[{0}],核查不通过,提示:[ADD_OSPF.VRFNAME 引用的ADD_L3VPNINST.VRFNAME不存在，请检查]","[VRFNAME] value is [{0}],Failed to pass the check,desc:[ADD_OSPF.VRFNAME quoting ADD_L3VPNINST.VRFNAME not exist，Please check]","命令自动生效参数[VRFNAME]的默认值为[{0}],核查不通过,提示:[ADD_OSPF.VRFNAME 引用的ADD_L3VPNINST.VRFNAME不存在，请检查]","Command auto-execution parameters[VRFNAME] default value is [{0}],Failed to pass the check,desc:[ADD_OSPF.VRFNAME quoting ADD_L3VPNINST.VRFNAME not exist，Please check]",UDG:ADD_OSPF.VRFNAME,不等于,_public_,1,0,,,,,,,
